Year,StateAbbr,StateDesc,LocationName,DataSource,Category,Measure,Data_Value_Unit,Data_Value_Type,Data_Value,Data_Value_Footnote_Symbol,Data_Value_Footnote,Low_Confidence_Limit,High_Confidence_Limit,TotalPopulation,LocationID,CategoryID,MeasureId,DataValueTypeID,Short_Question_Text,Geolocation,Counties
2021,RI,Rhode Island,Bristol,BRFSS,Health Outcomes,Cancer (excluding skin cancer) among adults aged >=18 years,%,Age-adjusted prevalence,6.3,,,5.6,6.9,50818,44001,HLTHOUT,CANCER,AgeAdjPrv,Cancer (except skin),POINT (-71.2866874 41.7068397),2657
2021,RI,Rhode Island,Providence,BRFSS,Disability,Self-care disability among adults aged >=18 years,%,Crude prevalence,3.8,,,3.2,4.4,658221,44007,DISABLT,SELFCARE,CrdPrv,Self-care Disability,POINT (-71.5786246 41.8697678),2660
2021,RI,Rhode Island,Washington,BRFSS,Disability,Vision disability among adults aged >=18 years,%,Crude prevalence,3.6,,,2.9,4.3,130592,44009,DISABLT,VISION,CrdPrv,Vision Disability,POINT (-71.620282 41.396792),2703
2021,RI,Rhode Island,Kent,BRFSS,Disability,Hearing disability among adults aged >=18 years,%,Age-adjusted prevalence,5.8,,,5.0,6.5,170715,44003,DISABLT,HEARING,AgeAdjPrv,Hearing Disability,POINT (-71.5802819 41.675118),2658
2021,RI,Rhode Island,Bristol,BRFSS,Disability,Mobility disability among adults aged >=18 years,%,Crude prevalence,10.2,,,8.2,12.6,50818,44001,DISABLT,MOBILITY,CrdPrv,Mobility Disability,POINT (-71.2866874 41.7068397),2657
2021,RI,Rhode Island,Kent,BRFSS,Disability,Cognitive disability among adults ages >=18 years,%,Age-adjusted prevalence,12.2,,,10.1,14.4,170715,44003,DISABLT,COGNITION,AgeAdjPrv,Cognitive Disability,POINT (-71.5802819 41.675118),2658
2021,RI,Rhode Island,Newport,BRFSS,Health Outcomes,Arthritis among adults aged >=18 years,%,Age-adjusted prevalence,24.2,,,21.2,27.5,85264,44005,HLTHOUT,ARTHRITIS,AgeAdjPrv,Arthritis,POINT (-71.2830626 41.5010449),2659
2021,RI,Rhode Island,Washington,BRFSS,Health Outcomes,Chronic obstructive pulmonary disease among adults aged >=18 years,%,Crude prevalence,6.1,,,4.8,7.6,130592,44009,HLTHOUT,COPD,CrdPrv,COPD,POINT (-71.620282 41.396792),2703
2021,RI,Rhode Island,Providence,BRFSS,Health Risk Behaviors,No leisure-time physical activity among adults aged >=18 years,%,Age-adjusted prevalence,26.5,,,22.6,30.5,658221,44007,RISKBEH,LPA,AgeAdjPrv,Physical Inactivity,POINT (-71.5786246 41.8697678),2660
2021,RI,Rhode Island,Newport,BRFSS,Health Risk Behaviors,No leisure-time physical activity among adults aged >=18 years,%,Crude prevalence,18.2,,,14.5,22.3,85264,44005,RISKBEH,LPA,CrdPrv,Physical Inactivity,POINT (-71.2830626 41.5010449),2659
2021,RI,Rhode Island,Providence,BRFSS,Prevention,Cholesterol screening among adults aged >=18 years,%,Age-adjusted prevalence,88.3,,,86.0,90.5,658221,44007,PREVENT,CHOLSCREEN,AgeAdjPrv,Cholesterol Screening,POINT (-71.5786246 41.8697678),2660
2020,RI,Rhode Island,Newport,BRFSS,Health Risk Behaviors,Sleeping less than 7 hours among adults aged >=18 years,%,Age-adjusted prevalence,30.3,,,28.6,32.0,85264,44005,RISKBEH,SLEEP,AgeAdjPrv,Sleep <7 hours,POINT (-71.2830626 41.5010449),2659
2021,RI,Rhode Island,Washington,BRFSS,Health Outcomes,High cholesterol among adults aged >=18 years who have been screened in the past 5 years,%,Age-adjusted prevalence,29,,,25.7,32.7,130592,44009,HLTHOUT,HIGHCHOL,AgeAdjPrv,High Cholesterol,POINT (-71.620282 41.396792),2703
2021,RI,Rhode Island,Providence,BRFSS,Health Outcomes,Depression among adults aged >=18 years,%,Crude prevalence,24.6,,,21.4,27.9,658221,44007,HLTHOUT,DEPRESSION,CrdPrv,Depression,POINT (-71.5786246 41.8697678),2660
2020,RI,Rhode Island,Kent,BRFSS,Prevention,"Fecal occult blood test, sigmoidoscopy, or colonoscopy among adults aged 50-75 years",%,Age-adjusted prevalence,77.6,,,74.7,80.3,170715,44003,PREVENT,COLON_SCREEN,AgeAdjPrv,Colorectal Cancer Screening,POINT (-71.5802819 41.675118),2658
2021,RI,Rhode Island,Providence,BRFSS,Prevention,Current lack of health insurance among adults aged 18-64 years,%,Age-adjusted prevalence,8.9,,,7.1,11.1,658221,44007,PREVENT,ACCESS2,AgeAdjPrv,Health Insurance,POINT (-71.5786246 41.8697678),2660
2021,RI,Rhode Island,Providence,BRFSS,Health Status,Fair or poor self-rated health status among adults aged >=18 years,%,Crude prevalence,16,,,13.7,18.7,658221,44007,HLTHSTAT,GHLTH,CrdPrv,General Health,POINT (-71.5786246 41.8697678),2660
2021,RI,Rhode Island,Bristol,BRFSS,Prevention,Cholesterol screening among adults aged >=18 years,%,Age-adjusted prevalence,89.6,,,87.0,92.0,50818,44001,PREVENT,CHOLSCREEN,AgeAdjPrv,Cholesterol Screening,POINT (-71.2866874 41.7068397),2657
2020,RI,Rhode Island,Washington,BRFSS,Health Risk Behaviors,Sleeping less than 7 hours among adults aged >=18 years,%,Age-adjusted prevalence,31.8,,,30.0,33.7,130592,44009,RISKBEH,SLEEP,AgeAdjPrv,Sleep <7 hours,POINT (-71.620282 41.396792),2703
2021,RI,Rhode Island,Washington,BRFSS,Health Outcomes,Cancer (excluding skin cancer) among adults aged >=18 years,%,Age-adjusted prevalence,6.6,,,5.9,7.2,130592,44009,HLTHOUT,CANCER,AgeAdjPrv,Cancer (except skin),POINT (-71.620282 41.396792),2703
2021,RI,Rhode Island,Bristol,BRFSS,Health Status,Fair or poor self-rated health status among adults aged >=18 years,%,Age-adjusted prevalence,10.2,,,8.1,12.5,50818,44001,HLTHSTAT,GHLTH,AgeAdjPrv,General Health,POINT (-71.2866874 41.7068397),2657
2021,RI,Rhode Island,Kent,BRFSS,Health Risk Behaviors,Binge drinking among adults aged >=18 years,%,Age-adjusted prevalence,18.9,,,16.1,21.9,170715,44003,RISKBEH,BINGE,AgeAdjPrv,Binge Drinking,POINT (-71.5802819 41.675118),2658
2020,RI,Rhode Island,Newport,BRFSS,Prevention,Visits to dentist or dental clinic among adults aged >=18 years,%,Age-adjusted prevalence,75.1,,,71.6,78.2,85264,44005,PREVENT,DENTAL,AgeAdjPrv,Dental Visit,POINT (-71.2830626 41.5010449),2659
2021,RI,Rhode Island,Providence,BRFSS,Health Outcomes,Cancer (excluding skin cancer) among adults aged >=18 years,%,Crude prevalence,6.5,,,5.9,7.1,658221,44007,HLTHOUT,CANCER,CrdPrv,Cancer (except skin),POINT (-71.5786246 41.8697678),2660
2020,RI,Rhode Island,Newport,BRFSS,Health Outcomes,All teeth lost among adults aged >=65 years,%,Crude prevalence,6.3,,,3.5,9.9,85264,44005,HLTHOUT,TEETHLOST,CrdPrv,All Teeth Lost,POINT (-71.2830626 41.5010449),2659
2021,RI,Rhode Island,Newport,BRFSS,Prevention,Cholesterol screening among adults aged >=18 years,%,Crude prevalence,91,,,88.9,92.9,85264,44005,PREVENT,CHOLSCREEN,CrdPrv,Cholesterol Screening,POINT (-71.2830626 41.5010449),2659
2020,RI,Rhode Island,Bristol,BRFSS,Prevention,Cervical cancer screening among adult women aged 21-65 years,%,Age-adjusted prevalence,86.5,,,84.0,88.6,50818,44001,PREVENT,CERVICAL,AgeAdjPrv,Cervical Cancer Screening,POINT (-71.2866874 41.7068397),2657
2021,RI,Rhode Island,Kent,BRFSS,Health Risk Behaviors,Current smoking among adults aged >=18 years,%,Age-adjusted prevalence,14.9,,,11.4,18.3,170715,44003,RISKBEH,CSMOKING,AgeAdjPrv,Current Smoking,POINT (-71.5802819 41.675118),2658
2021,RI,Rhode Island,Washington,BRFSS,Health Risk Behaviors,Current smoking among adults aged >=18 years,%,Crude prevalence,10.6,,,8.0,13.6,130592,44009,RISKBEH,CSMOKING,CrdPrv,Current Smoking,POINT (-71.620282 41.396792),2703
2021,RI,Rhode Island,Providence,BRFSS,Health Outcomes,Stroke among adults aged >=18 years,%,Crude prevalence,3,,,2.7,3.5,658221,44007,HLTHOUT,STROKE,CrdPrv,Stroke,POINT (-71.5786246 41.8697678),2660
2021,RI,Rhode Island,Providence,BRFSS,Health Status,Mental health not good for >=14 days among adults aged >=18 years,%,Age-adjusted prevalence,15.8,,,14.0,18.0,658221,44007,HLTHSTAT,MHLTH,AgeAdjPrv,Mental Health,POINT (-71.5786246 41.8697678),2660
2021,RI,Rhode Island,Washington,BRFSS,Disability,Cognitive disability among adults ages >=18 years,%,Crude prevalence,10.4,,,8.4,12.6,130592,44009,DISABLT,COGNITION,CrdPrv,Cognitive Disability,POINT (-71.620282 41.396792),2703
2020,RI,Rhode Island,Providence,BRFSS,Prevention,"Fecal occult blood test, sigmoidoscopy, or colonoscopy among adults aged 50-75 years",%,Age-adjusted prevalence,77.4,,,75.2,79.6,658221,44007,PREVENT,COLON_SCREEN,AgeAdjPrv,Colorectal Cancer Screening,POINT (-71.5786246 41.8697678),2660
2021,RI,Rhode Island,Washington,BRFSS,Health Status,Fair or poor self-rated health status among adults aged >=18 years,%,Age-adjusted prevalence,10.2,,,8.3,12.4,130592,44009,HLTHSTAT,GHLTH,AgeAdjPrv,General Health,POINT (-71.620282 41.396792),2703
2020,RI,Rhode Island,Newport,BRFSS,Prevention,"Older adult women aged >=65 years who are up to date on a core set of clinical preventive services: Flu shot past year, PPV shot ever, Colorectal cancer screening, and Mammogram past 2 years",%,Crude prevalence,53.1,,,45.2,59.8,85264,44005,PREVENT,COREW,CrdPrv,Core preventive services for older women,POINT (-71.2830626 41.5010449),2659
2021,RI,Rhode Island,Kent,BRFSS,Health Status,Physical health not good for >=14 days among adults aged >=18 years,%,Crude prevalence,10.7,,,9.1,12.4,170715,44003,HLTHSTAT,PHLTH,CrdPrv,Physical Health,POINT (-71.5802819 41.675118),2658
2021,RI,Rhode Island,Newport,BRFSS,Health Status,Physical health not good for >=14 days among adults aged >=18 years,%,Crude prevalence,9.5,,,7.9,11.3,85264,44005,HLTHSTAT,PHLTH,CrdPrv,Physical Health,POINT (-71.2830626 41.5010449),2659
2021,RI,Rhode Island,Kent,BRFSS,Disability,Independent living disability among adults aged >=18 years,%,Crude prevalence,6.4,,,5.3,7.6,170715,44003,DISABLT,INDEPLIVE,CrdPrv,Independent Living Disability,POINT (-71.5802819 41.675118),2658
2021,RI,Rhode Island,Bristol,BRFSS,Health Outcomes,Chronic obstructive pulmonary disease among adults aged >=18 years,%,Crude prevalence,5.8,,,4.5,7.4,50818,44001,HLTHOUT,COPD,CrdPrv,COPD,POINT (-71.2866874 41.7068397),2657
2021,RI,Rhode Island,Kent,BRFSS,Disability,Self-care disability among adults aged >=18 years,%,Age-adjusted prevalence,2.7,,,2.3,3.2,170715,44003,DISABLT,SELFCARE,AgeAdjPrv,Self-care Disability,POINT (-71.5802819 41.675118),2658
2020,RI,Rhode Island,Kent,BRFSS,Prevention,"Older adult women aged >=65 years who are up to date on a core set of clinical preventive services: Flu shot past year, PPV shot ever, Colorectal cancer screening, and Mammogram past 2 years",%,Crude prevalence,46.3,,,39.2,53.0,170715,44003,PREVENT,COREW,CrdPrv,Core preventive services for older women,POINT (-71.5802819 41.675118),2658
2021,RI,Rhode Island,Kent,BRFSS,Prevention,Current lack of health insurance among adults aged 18-64 years,%,Age-adjusted prevalence,5.8,,,4.3,7.7,170715,44003,PREVENT,ACCESS2,AgeAdjPrv,Health Insurance,POINT (-71.5802819 41.675118),2658
2021,RI,Rhode Island,Washington,BRFSS,Health Outcomes,High blood pressure among adults aged >=18 years,%,Age-adjusted prevalence,25.8,,,22.8,29.1,130592,44009,HLTHOUT,BPHIGH,AgeAdjPrv,High Blood Pressure,POINT (-71.620282 41.396792),2703
2021,RI,Rhode Island,Newport,BRFSS,Health Outcomes,High blood pressure among adults aged >=18 years,%,Crude prevalence,34.3,,,30.5,38.2,85264,44005,HLTHOUT,BPHIGH,CrdPrv,High Blood Pressure,POINT (-71.2830626 41.5010449),2659
2021,RI,Rhode Island,Providence,BRFSS,Health Outcomes,Current asthma among adults aged >=18 years,%,Age-adjusted prevalence,12.2,,,10.9,13.6,658221,44007,HLTHOUT,CASTHMA,AgeAdjPrv,Current Asthma,POINT (-71.5786246 41.8697678),2660
2021,RI,Rhode Island,Providence,BRFSS,Prevention,Visits to doctor for routine checkup within the past year among adults aged >=18 years,%,Crude prevalence,80,,,76.6,83.2,658221,44007,PREVENT,CHECKUP,CrdPrv,Annual Checkup,POINT (-71.5786246 41.8697678),2660
2021,RI,Rhode Island,Kent,BRFSS,Health Outcomes,Cancer (excluding skin cancer) among adults aged >=18 years,%,Crude prevalence,8,,,7.2,8.8,170715,44003,HLTHOUT,CANCER,CrdPrv,Cancer (except skin),POINT (-71.5802819 41.675118),2658
2021,RI,Rhode Island,Washington,BRFSS,Prevention,Current lack of health insurance among adults aged 18-64 years,%,Crude prevalence,4.6,,,3.3,6.2,130592,44009,PREVENT,ACCESS2,CrdPrv,Health Insurance,POINT (-71.620282 41.396792),2703
2021,RI,Rhode Island,Kent,BRFSS,Health Outcomes,Depression among adults aged >=18 years,%,Age-adjusted prevalence,27,,,23.4,30.8,170715,44003,HLTHOUT,DEPRESSION,AgeAdjPrv,Depression,POINT (-71.5802819 41.675118),2658
2021,RI,Rhode Island,Providence,BRFSS,Disability,Hearing disability among adults aged >=18 years,%,Age-adjusted prevalence,6.1,,,5.4,7.0,658221,44007,DISABLT,HEARING,AgeAdjPrv,Hearing Disability,POINT (-71.5786246 41.8697678),2660
2021,RI,Rhode Island,Washington,BRFSS,Prevention,Visits to doctor for routine checkup within the past year among adults aged >=18 years,%,Crude prevalence,81.3,,,77.6,84.6,130592,44009,PREVENT,CHECKUP,CrdPrv,Annual Checkup,POINT (-71.620282 41.396792),2703
2021,RI,Rhode Island,Newport,BRFSS,Disability,Mobility disability among adults aged >=18 years,%,Age-adjusted prevalence,8.6,,,6.9,10.3,85264,44005,DISABLT,MOBILITY,AgeAdjPrv,Mobility Disability,POINT (-71.2830626 41.5010449),2659
2021,RI,Rhode Island,Newport,BRFSS,Health Status,Fair or poor self-rated health status among adults aged >=18 years,%,Crude prevalence,11.5,,,9.3,14.1,85264,44005,HLTHSTAT,GHLTH,CrdPrv,General Health,POINT (-71.2830626 41.5010449),2659
2021,RI,Rhode Island,Bristol,BRFSS,Health Outcomes,Depression among adults aged >=18 years,%,Age-adjusted prevalence,23.8,,,19.9,27.9,50818,44001,HLTHOUT,DEPRESSION,AgeAdjPrv,Depression,POINT (-71.2866874 41.7068397),2657
2020,RI,Rhode Island,Washington,BRFSS,Prevention,Visits to dentist or dental clinic among adults aged >=18 years,%,Age-adjusted prevalence,75.7,,,72.4,79.0,130592,44009,PREVENT,DENTAL,AgeAdjPrv,Dental Visit,POINT (-71.620282 41.396792),2703
2021,RI,Rhode Island,Providence,BRFSS,Health Outcomes,Chronic kidney disease among adults aged >=18 years,%,Crude prevalence,3.1,,,2.8,3.4,658221,44007,HLTHOUT,KIDNEY,CrdPrv,Chronic Kidney Disease,POINT (-71.5786246 41.8697678),2660
2021,RI,Rhode Island,Newport,BRFSS,Health Status,Physical health not good for >=14 days among adults aged >=18 years,%,Age-adjusted prevalence,8.6,,,7.2,10.1,85264,44005,HLTHSTAT,PHLTH,AgeAdjPrv,Physical Health,POINT (-71.2830626 41.5010449),2659
2020,RI,Rhode Island,Providence,BRFSS,Prevention,"Older adult men aged >=65 years who are up to date on a core set of clinical preventive services: Flu shot past year, PPV shot ever, Colorectal cancer screening",%,Crude prevalence,47,,,39.9,53.7,658221,44007,PREVENT,COREM,CrdPrv,Core preventive services for older men,POINT (-71.5786246 41.8697678),2660
2021,RI,Rhode Island,Bristol,BRFSS,Health Outcomes,Stroke among adults aged >=18 years,%,Age-adjusted prevalence,2.3,,,1.9,2.6,50818,44001,HLTHOUT,STROKE,AgeAdjPrv,Stroke,POINT (-71.2866874 41.7068397),2657
2020,RI,Rhode Island,Bristol,BRFSS,Health Risk Behaviors,Sleeping less than 7 hours among adults aged >=18 years,%,Age-adjusted prevalence,29.7,,,28.0,31.6,50818,44001,RISKBEH,SLEEP,AgeAdjPrv,Sleep <7 hours,POINT (-71.2866874 41.7068397),2657
2021,RI,Rhode Island,Bristol,BRFSS,Health Outcomes,Arthritis among adults aged >=18 years,%,Age-adjusted prevalence,22.6,,,19.4,25.8,50818,44001,HLTHOUT,ARTHRITIS,AgeAdjPrv,Arthritis,POINT (-71.2866874 41.7068397),2657
2020,RI,Rhode Island,Washington,BRFSS,Prevention,Mammography use among women aged 50-74 years,%,Crude prevalence,80.2,,,76.6,83.3,130592,44009,PREVENT,MAMMOUSE,CrdPrv,Mammography,POINT (-71.620282 41.396792),2703
2021,RI,Rhode Island,Kent,BRFSS,Health Risk Behaviors,No leisure-time physical activity among adults aged >=18 years,%,Crude prevalence,21.7,,,17.9,25.7,170715,44003,RISKBEH,LPA,CrdPrv,Physical Inactivity,POINT (-71.5802819 41.675118),2658
2021,RI,Rhode Island,Bristol,BRFSS,Health Risk Behaviors,No leisure-time physical activity among adults aged >=18 years,%,Crude prevalence,17.3,,,13.5,21.4,50818,44001,RISKBEH,LPA,CrdPrv,Physical Inactivity,POINT (-71.2866874 41.7068397),2657
2020,RI,Rhode Island,Bristol,BRFSS,Prevention,"Older adult women aged >=65 years who are up to date on a core set of clinical preventive services: Flu shot past year, PPV shot ever, Colorectal cancer screening, and Mammogram past 2 years",%,Crude prevalence,45.5,,,37.7,53.3,50818,44001,PREVENT,COREW,CrdPrv,Core preventive services for older women,POINT (-71.2866874 41.7068397),2657
2021,RI,Rhode Island,Kent,BRFSS,Health Outcomes,Stroke among adults aged >=18 years,%,Age-adjusted prevalence,2.5,,,2.2,2.8,170715,44003,HLTHOUT,STROKE,AgeAdjPrv,Stroke,POINT (-71.5802819 41.675118),2658
2021,RI,Rhode Island,Washington,BRFSS,Health Outcomes,Arthritis among adults aged >=18 years,%,Age-adjusted prevalence,23.9,,,21.0,27.0,130592,44009,HLTHOUT,ARTHRITIS,AgeAdjPrv,Arthritis,POINT (-71.620282 41.396792),2703
2021,RI,Rhode Island,Providence,BRFSS,Health Risk Behaviors,Binge drinking among adults aged >=18 years,%,Crude prevalence,16.4,,,14.3,18.7,658221,44007,RISKBEH,BINGE,CrdPrv,Binge Drinking,POINT (-71.5786246 41.8697678),2660
2021,RI,Rhode Island,Newport,BRFSS,Health Outcomes,Chronic obstructive pulmonary disease among adults aged >=18 years,%,Age-adjusted prevalence,4.7,,,3.7,5.8,85264,44005,HLTHOUT,COPD,AgeAdjPrv,COPD,POINT (-71.2830626 41.5010449),2659
2021,RI,Rhode Island,Providence,BRFSS,Health Outcomes,Obesity among adults aged >=18 years,%,Crude prevalence,32.2,,,27.6,37.1,658221,44007,HLTHOUT,OBESITY,CrdPrv,Obesity,POINT (-71.5786246 41.8697678),2660
2021,RI,Rhode Island,Newport,BRFSS,Health Outcomes,Cancer (excluding skin cancer) among adults aged >=18 years,%,Crude prevalence,8.4,,,7.6,9.3,85264,44005,HLTHOUT,CANCER,CrdPrv,Cancer (except skin),POINT (-71.2830626 41.5010449),2659
2020,RI,Rhode Island,Newport,BRFSS,Prevention,Mammography use among women aged 50-74 years,%,Age-adjusted prevalence,82.1,,,78.7,85.1,85264,44005,PREVENT,MAMMOUSE,AgeAdjPrv,Mammography,POINT (-71.2830626 41.5010449),2659
2021,RI,Rhode Island,Kent,BRFSS,Prevention,Visits to doctor for routine checkup within the past year among adults aged >=18 years,%,Age-adjusted prevalence,81.2,,,77.5,84.6,170715,44003,PREVENT,CHECKUP,AgeAdjPrv,Annual Checkup,POINT (-71.5802819 41.675118),2658
2020,RI,Rhode Island,Kent,BRFSS,Prevention,Cervical cancer screening among adult women aged 21-65 years,%,Age-adjusted prevalence,86.6,,,84.6,88.6,170715,44003,PREVENT,CERVICAL,AgeAdjPrv,Cervical Cancer Screening,POINT (-71.5802819 41.675118),2658
2021,RI,Rhode Island,Bristol,BRFSS,Health Status,Physical health not good for >=14 days among adults aged >=18 years,%,Crude prevalence,9.7,,,7.9,11.5,50818,44001,HLTHSTAT,PHLTH,CrdPrv,Physical Health,POINT (-71.2866874 41.7068397),2657
2021,RI,Rhode Island,Bristol,BRFSS,Health Status,Mental health not good for >=14 days among adults aged >=18 years,%,Age-adjusted prevalence,14.5,,,12.1,16.9,50818,44001,HLTHSTAT,MHLTH,AgeAdjPrv,Mental Health,POINT (-71.2866874 41.7068397),2657
2021,RI,Rhode Island,Washington,BRFSS,Disability,Any disability among adults aged >=18 years,%,Crude prevalence,23.6,,,19.9,27.6,130592,44009,DISABLT,DISABILITY,CrdPrv,Any Disability,POINT (-71.620282 41.396792),2703
2021,RI,Rhode Island,Kent,BRFSS,Disability,Vision disability among adults aged >=18 years,%,Age-adjusted prevalence,3.6,,,3.1,4.2,170715,44003,DISABLT,VISION,AgeAdjPrv,Vision Disability,POINT (-71.5802819 41.675118),2658
2021,RI,Rhode Island,Bristol,BRFSS,Health Risk Behaviors,Binge drinking among adults aged >=18 years,%,Age-adjusted prevalence,18.5,,,15.4,21.7,50818,44001,RISKBEH,BINGE,AgeAdjPrv,Binge Drinking,POINT (-71.2866874 41.7068397),2657
2021,RI,Rhode Island,Kent,BRFSS,Disability,Any disability among adults aged >=18 years,%,Age-adjusted prevalence,24.2,,,20.6,28.1,170715,44003,DISABLT,DISABILITY,AgeAdjPrv,Any Disability,POINT (-71.5802819 41.675118),2658
2021,RI,Rhode Island,Providence,BRFSS,Health Risk Behaviors,Current smoking among adults aged >=18 years,%,Age-adjusted prevalence,14.8,,,12.1,17.9,658221,44007,RISKBEH,CSMOKING,AgeAdjPrv,Current Smoking,POINT (-71.5786246 41.8697678),2660
2021,RI,Rhode Island,Bristol,BRFSS,Health Outcomes,High blood pressure among adults aged >=18 years,%,Crude prevalence,30.8,,,27.0,34.8,50818,44001,HLTHOUT,BPHIGH,CrdPrv,High Blood Pressure,POINT (-71.2866874 41.7068397),2657
2021,RI,Rhode Island,Newport,BRFSS,Health Outcomes,Diagnosed diabetes among adults aged >=18 years,%,Crude prevalence,8.8,,,7.4,10.4,85264,44005,HLTHOUT,DIABETES,CrdPrv,Diabetes,POINT (-71.2830626 41.5010449),2659
2021,RI,Rhode Island,Washington,BRFSS,Health Status,Physical health not good for >=14 days among adults aged >=18 years,%,Crude prevalence,9.7,,,8.0,11.5,130592,44009,HLTHSTAT,PHLTH,CrdPrv,Physical Health,POINT (-71.620282 41.396792),2703
2020,RI,Rhode Island,Bristol,BRFSS,Prevention,Visits to dentist or dental clinic among adults aged >=18 years,%,Age-adjusted prevalence,76.6,,,72.8,80.0,50818,44001,PREVENT,DENTAL,AgeAdjPrv,Dental Visit,POINT (-71.2866874 41.7068397),2657
2021,RI,Rhode Island,Kent,BRFSS,Health Status,Mental health not good for >=14 days among adults aged >=18 years,%,Crude prevalence,14.9,,,12.8,17.1,170715,44003,HLTHSTAT,MHLTH,CrdPrv,Mental Health,POINT (-71.5802819 41.675118),2658
2020,RI,Rhode Island,Washington,BRFSS,Prevention,Cervical cancer screening among adult women aged 21-65 years,%,Age-adjusted prevalence,86.2,,,83.7,88.4,130592,44009,PREVENT,CERVICAL,AgeAdjPrv,Cervical Cancer Screening,POINT (-71.620282 41.396792),2703
2021,RI,Rhode Island,Bristol,BRFSS,Health Outcomes,High cholesterol among adults aged >=18 years who have been screened in the past 5 years,%,Age-adjusted prevalence,29.5,,,25.5,33.5,50818,44001,HLTHOUT,HIGHCHOL,AgeAdjPrv,High Cholesterol,POINT (-71.2866874 41.7068397),2657
2020,RI,Rhode Island,Kent,BRFSS,Prevention,"Fecal occult blood test, sigmoidoscopy, or colonoscopy among adults aged 50-75 years",%,Crude prevalence,79.3,,,76.6,81.6,170715,44003,PREVENT,COLON_SCREEN,CrdPrv,Colorectal Cancer Screening,POINT (-71.5802819 41.675118),2658
2021,RI,Rhode Island,Providence,BRFSS,Prevention,Current lack of health insurance among adults aged 18-64 years,%,Crude prevalence,8.7,,,6.9,10.7,658221,44007,PREVENT,ACCESS2,CrdPrv,Health Insurance,POINT (-71.5786246 41.8697678),2660
2021,RI,Rhode Island,Washington,BRFSS,Health Outcomes,Obesity among adults aged >=18 years,%,Age-adjusted prevalence,25.9,,,21.4,31.2,130592,44009,HLTHOUT,OBESITY,AgeAdjPrv,Obesity,POINT (-71.620282 41.396792),2703
2021,RI,Rhode Island,Bristol,BRFSS,Prevention,Cholesterol screening among adults aged >=18 years,%,Crude prevalence,91.1,,,88.9,93.1,50818,44001,PREVENT,CHOLSCREEN,CrdPrv,Cholesterol Screening,POINT (-71.2866874 41.7068397),2657
2020,RI,Rhode Island,Bristol,BRFSS,Prevention,"Fecal occult blood test, sigmoidoscopy, or colonoscopy among adults aged 50-75 years",%,Age-adjusted prevalence,77.7,,,74.2,80.5,50818,44001,PREVENT,COLON_SCREEN,AgeAdjPrv,Colorectal Cancer Screening,POINT (-71.2866874 41.7068397),2657
2021,RI,Rhode Island,Washington,BRFSS,Prevention,Taking medicine for high blood pressure control among adults aged >=18 years with high blood pressure,%,Crude prevalence,82.8,,,80.1,85.3,130592,44009,PREVENT,BPMED,CrdPrv,Taking BP Medication,POINT (-71.620282 41.396792),2703
2021,RI,Rhode Island,Newport,BRFSS,Disability,Cognitive disability among adults ages >=18 years,%,Age-adjusted prevalence,10.6,,,8.5,12.7,85264,44005,DISABLT,COGNITION,AgeAdjPrv,Cognitive Disability,POINT (-71.2830626 41.5010449),2659
2020,RI,Rhode Island,Newport,BRFSS,Prevention,Cervical cancer screening among adult women aged 21-65 years,%,Crude prevalence,86.4,,,83.9,88.6,85264,44005,PREVENT,CERVICAL,CrdPrv,Cervical Cancer Screening,POINT (-71.2830626 41.5010449),2659
2021,RI,Rhode Island,Kent,BRFSS,Health Outcomes,Arthritis among adults aged >=18 years,%,Crude prevalence,31.1,,,27.8,34.5,170715,44003,HLTHOUT,ARTHRITIS,CrdPrv,Arthritis,POINT (-71.5802819 41.675118),2658
2021,RI,Rhode Island,Newport,BRFSS,Disability,Vision disability among adults aged >=18 years,%,Age-adjusted prevalence,3.2,,,2.7,3.8,85264,44005,DISABLT,VISION,AgeAdjPrv,Vision Disability,POINT (-71.2830626 41.5010449),2659
2021,RI,Rhode Island,Newport,BRFSS,Health Outcomes,Stroke among adults aged >=18 years,%,Crude prevalence,3,,,2.5,3.5,85264,44005,HLTHOUT,STROKE,CrdPrv,Stroke,POINT (-71.2830626 41.5010449),2659
2021,RI,Rhode Island,Bristol,BRFSS,Disability,Any disability among adults aged >=18 years,%,Crude prevalence,23.1,,,18.9,27.4,50818,44001,DISABLT,DISABILITY,CrdPrv,Any Disability,POINT (-71.2866874 41.7068397),2657
2021,RI,Rhode Island,Providence,BRFSS,Health Outcomes,Chronic obstructive pulmonary disease among adults aged >=18 years,%,Crude prevalence,6.1,,,5.0,7.4,658221,44007,HLTHOUT,COPD,CrdPrv,COPD,POINT (-71.5786246 41.8697678),2660
2021,RI,Rhode Island,Washington,BRFSS,Disability,Hearing disability among adults aged >=18 years,%,Crude prevalence,6.9,,,6.0,8.0,130592,44009,DISABLT,HEARING,CrdPrv,Hearing Disability,POINT (-71.620282 41.396792),2703
2021,RI,Rhode Island,Providence,BRFSS,Health Status,Fair or poor self-rated health status among adults aged >=18 years,%,Age-adjusted prevalence,15.5,,,13.3,18.1,658221,44007,HLTHSTAT,GHLTH,AgeAdjPrv,General Health,POINT (-71.5786246 41.8697678),2660
2021,RI,Rhode Island,Providence,BRFSS,Health Outcomes,Depression among adults aged >=18 years,%,Age-adjusted prevalence,24.8,,,21.6,28.2,658221,44007,HLTHOUT,DEPRESSION,AgeAdjPrv,Depression,POINT (-71.5786246 41.8697678),2660
2021,RI,Rhode Island,Newport,BRFSS,Prevention,Cholesterol screening among adults aged >=18 years,%,Age-adjusted prevalence,89.3,,,86.6,91.5,85264,44005,PREVENT,CHOLSCREEN,AgeAdjPrv,Cholesterol Screening,POINT (-71.2830626 41.5010449),2659
2021,RI,Rhode Island,Bristol,BRFSS,Health Status,Physical health not good for >=14 days among adults aged >=18 years,%,Age-adjusted prevalence,8.8,,,7.2,10.4,50818,44001,HLTHSTAT,PHLTH,AgeAdjPrv,Physical Health,POINT (-71.2866874 41.7068397),2657
2020,RI,Rhode Island,Providence,BRFSS,Health Outcomes,All teeth lost among adults aged >=65 years,%,Age-adjusted prevalence,10,,,6.2,14.3,658221,44007,HLTHOUT,TEETHLOST,AgeAdjPrv,All Teeth Lost,POINT (-71.5786246 41.8697678),2660
2020,RI,Rhode Island,Washington,BRFSS,Prevention,"Older adult men aged >=65 years who are up to date on a core set of clinical preventive services: Flu shot past year, PPV shot ever, Colorectal cancer screening",%,Age-adjusted prevalence,56.6,,,49.1,63.8,130592,44009,PREVENT,COREM,AgeAdjPrv,Core preventive services for older men,POINT (-71.620282 41.396792),2703
2021,RI,Rhode Island,Providence,BRFSS,Disability,Mobility disability among adults aged >=18 years,%,Crude prevalence,13.2,,,11.2,15.3,658221,44007,DISABLT,MOBILITY,CrdPrv,Mobility Disability,POINT (-71.5786246 41.8697678),2660
2021,RI,Rhode Island,Washington,BRFSS,Health Outcomes,Chronic obstructive pulmonary disease among adults aged >=18 years,%,Age-adjusted prevalence,5,,,4.0,6.2,130592,44009,HLTHOUT,COPD,AgeAdjPrv,COPD,POINT (-71.620282 41.396792),2703
2021,RI,Rhode Island,Newport,BRFSS,Health Risk Behaviors,No leisure-time physical activity among adults aged >=18 years,%,Age-adjusted prevalence,16.9,,,13.6,20.6,85264,44005,RISKBEH,LPA,AgeAdjPrv,Physical Inactivity,POINT (-71.2830626 41.5010449),2659
2021,RI,Rhode Island,Providence,BRFSS,Health Outcomes,Cancer (excluding skin cancer) among adults aged >=18 years,%,Age-adjusted prevalence,5.9,,,5.4,6.4,658221,44007,HLTHOUT,CANCER,AgeAdjPrv,Cancer (except skin),POINT (-71.5786246 41.8697678),2660
2021,RI,Rhode Island,Newport,BRFSS,Prevention,Taking medicine for high blood pressure control among adults aged >=18 years with high blood pressure,%,Age-adjusted prevalence,57.4,,,52.7,62.2,85264,44005,PREVENT,BPMED,AgeAdjPrv,Taking BP Medication,POINT (-71.2830626 41.5010449),2659
2021,RI,Rhode Island,Bristol,BRFSS,Health Outcomes,Coronary heart disease among adults aged >=18 years,%,Crude prevalence,5.8,,,4.9,6.9,50818,44001,HLTHOUT,CHD,CrdPrv,Coronary Heart Disease,POINT (-71.2866874 41.7068397),2657
2021,RI,Rhode Island,Washington,BRFSS,Health Outcomes,Current asthma among adults aged >=18 years,%,Crude prevalence,11.4,,,10.0,12.8,130592,44009,HLTHOUT,CASTHMA,CrdPrv,Current Asthma,POINT (-71.620282 41.396792),2703
2021,RI,Rhode Island,Kent,BRFSS,Prevention,Cholesterol screening among adults aged >=18 years,%,Crude prevalence,91.1,,,89.1,92.9,170715,44003,PREVENT,CHOLSCREEN,CrdPrv,Cholesterol Screening,POINT (-71.5802819 41.675118),2658
2021,RI,Rhode Island,Kent,BRFSS,Health Outcomes,Chronic kidney disease among adults aged >=18 years,%,Age-adjusted prevalence,2.5,,,2.3,2.8,170715,44003,HLTHOUT,KIDNEY,AgeAdjPrv,Chronic Kidney Disease,POINT (-71.5802819 41.675118),2658
2021,RI,Rhode Island,Bristol,BRFSS,Disability,Hearing disability among adults aged >=18 years,%,Crude prevalence,6.6,,,5.7,7.7,50818,44001,DISABLT,HEARING,CrdPrv,Hearing Disability,POINT (-71.2866874 41.7068397),2657
2021,RI,Rhode Island,Bristol,BRFSS,Health Outcomes,Chronic obstructive pulmonary disease among adults aged >=18 years,%,Age-adjusted prevalence,4.8,,,3.8,6.0,50818,44001,HLTHOUT,COPD,AgeAdjPrv,COPD,POINT (-71.2866874 41.7068397),2657
2021,RI,Rhode Island,Kent,BRFSS,Health Outcomes,High blood pressure among adults aged >=18 years,%,Crude prevalence,34.5,,,31.1,38.0,170715,44003,HLTHOUT,BPHIGH,CrdPrv,High Blood Pressure,POINT (-71.5802819 41.675118),2658
2021,RI,Rhode Island,Kent,BRFSS,Disability,Self-care disability among adults aged >=18 years,%,Crude prevalence,3.1,,,2.6,3.7,170715,44003,DISABLT,SELFCARE,CrdPrv,Self-care Disability,POINT (-71.5802819 41.675118),2658
2021,RI,Rhode Island,Newport,BRFSS,Health Outcomes,Depression among adults aged >=18 years,%,Crude prevalence,22.7,,,19.2,26.5,85264,44005,HLTHOUT,DEPRESSION,CrdPrv,Depression,POINT (-71.2830626 41.5010449),2659
2021,RI,Rhode Island,Washington,BRFSS,Health Outcomes,Stroke among adults aged >=18 years,%,Crude prevalence,2.9,,,2.5,3.4,130592,44009,HLTHOUT,STROKE,CrdPrv,Stroke,POINT (-71.620282 41.396792),2703
2021,RI,Rhode Island,Providence,BRFSS,Disability,Cognitive disability among adults ages >=18 years,%,Crude prevalence,13.2,,,11.2,15.4,658221,44007,DISABLT,COGNITION,CrdPrv,Cognitive Disability,POINT (-71.5786246 41.8697678),2660
2021,RI,Rhode Island,Newport,BRFSS,Disability,Any disability among adults aged >=18 years,%,Age-adjusted prevalence,20.6,,,17.3,24.2,85264,44005,DISABLT,DISABILITY,AgeAdjPrv,Any Disability,POINT (-71.2830626 41.5010449),2659
2021,RI,Rhode Island,Washington,BRFSS,Disability,Independent living disability among adults aged >=18 years,%,Crude prevalence,5.8,,,4.7,7.1,130592,44009,DISABLT,INDEPLIVE,CrdPrv,Independent Living Disability,POINT (-71.620282 41.396792),2703
2021,RI,Rhode Island,Washington,BRFSS,Prevention,Current lack of health insurance among adults aged 18-64 years,%,Age-adjusted prevalence,5,,,3.6,6.8,130592,44009,PREVENT,ACCESS2,AgeAdjPrv,Health Insurance,POINT (-71.620282 41.396792),2703
2021,RI,Rhode Island,Providence,BRFSS,Health Outcomes,Diagnosed diabetes among adults aged >=18 years,%,Age-adjusted prevalence,10,,,8.8,11.4,658221,44007,HLTHOUT,DIABETES,AgeAdjPrv,Diabetes,POINT (-71.5786246 41.8697678),2660
2021,RI,Rhode Island,Washington,BRFSS,Disability,Vision disability among adults aged >=18 years,%,Age-adjusted prevalence,3.2,,,2.7,3.9,130592,44009,DISABLT,VISION,AgeAdjPrv,Vision Disability,POINT (-71.620282 41.396792),2703
2021,RI,Rhode Island,Bristol,BRFSS,Disability,Mobility disability among adults aged >=18 years,%,Age-adjusted prevalence,8.3,,,6.6,10.1,50818,44001,DISABLT,MOBILITY,AgeAdjPrv,Mobility Disability,POINT (-71.2866874 41.7068397),2657
2021,RI,Rhode Island,Kent,BRFSS,Health Status,Physical health not good for >=14 days among adults aged >=18 years,%,Age-adjusted prevalence,9.7,,,8.2,11.3,170715,44003,HLTHSTAT,PHLTH,AgeAdjPrv,Physical Health,POINT (-71.5802819 41.675118),2658
2021,RI,Rhode Island,Newport,BRFSS,Health Outcomes,High cholesterol among adults aged >=18 years who have been screened in the past 5 years,%,Crude prevalence,36.2,,,32.4,40.3,85264,44005,HLTHOUT,HIGHCHOL,CrdPrv,High Cholesterol,POINT (-71.2830626 41.5010449),2659
2021,RI,Rhode Island,Providence,BRFSS,Health Outcomes,Stroke among adults aged >=18 years,%,Age-adjusted prevalence,2.8,,,2.5,3.2,658221,44007,HLTHOUT,STROKE,AgeAdjPrv,Stroke,POINT (-71.5786246 41.8697678),2660
2020,RI,Rhode Island,Providence,BRFSS,Prevention,Mammography use among women aged 50-74 years,%,Crude prevalence,79.7,,,76.8,82.4,658221,44007,PREVENT,MAMMOUSE,CrdPrv,Mammography,POINT (-71.5786246 41.8697678),2660
2020,RI,Rhode Island,Bristol,BRFSS,Prevention,Mammography use among women aged 50-74 years,%,Age-adjusted prevalence,81.8,,,77.7,85.3,50818,44001,PREVENT,MAMMOUSE,AgeAdjPrv,Mammography,POINT (-71.2866874 41.7068397),2657
2020,RI,Rhode Island,Kent,BRFSS,Prevention,"Older adult women aged >=65 years who are up to date on a core set of clinical preventive services: Flu shot past year, PPV shot ever, Colorectal cancer screening, and Mammogram past 2 years",%,Age-adjusted prevalence,46.7,,,39.7,53.3,170715,44003,PREVENT,COREW,AgeAdjPrv,Core preventive services for older women,POINT (-71.5802819 41.675118),2658
2021,RI,Rhode Island,Washington,BRFSS,Health Outcomes,High blood pressure among adults aged >=18 years,%,Crude prevalence,30.5,,,27.1,33.9,130592,44009,HLTHOUT,BPHIGH,CrdPrv,High Blood Pressure,POINT (-71.620282 41.396792),2703
2021,RI,Rhode Island,Washington,BRFSS,Disability,Mobility disability among adults aged >=18 years,%,Crude prevalence,10.4,,,8.4,12.6,130592,44009,DISABLT,MOBILITY,CrdPrv,Mobility Disability,POINT (-71.620282 41.396792),2703
2021,RI,Rhode Island,Providence,BRFSS,Health Outcomes,High blood pressure among adults aged >=18 years,%,Age-adjusted prevalence,30.3,,,27.4,33.5,658221,44007,HLTHOUT,BPHIGH,AgeAdjPrv,High Blood Pressure,POINT (-71.5786246 41.8697678),2660
2021,RI,Rhode Island,Washington,BRFSS,Health Outcomes,Diagnosed diabetes among adults aged >=18 years,%,Crude prevalence,8.7,,,7.3,10.2,130592,44009,HLTHOUT,DIABETES,CrdPrv,Diabetes,POINT (-71.620282 41.396792),2703
2021,RI,Rhode Island,Kent,BRFSS,Health Outcomes,High cholesterol among adults aged >=18 years who have been screened in the past 5 years,%,Crude prevalence,35.1,,,31.6,38.9,170715,44003,HLTHOUT,HIGHCHOL,CrdPrv,High Cholesterol,POINT (-71.5802819 41.675118),2658
2020,RI,Rhode Island,Newport,BRFSS,Prevention,"Older adult women aged >=65 years who are up to date on a core set of clinical preventive services: Flu shot past year, PPV shot ever, Colorectal cancer screening, and Mammogram past 2 years",%,Age-adjusted prevalence,53.4,,,45.8,59.9,85264,44005,PREVENT,COREW,AgeAdjPrv,Core preventive services for older women,POINT (-71.2830626 41.5010449),2659
2021,RI,Rhode Island,Kent,BRFSS,Health Outcomes,Coronary heart disease among adults aged >=18 years,%,Crude prevalence,6.1,,,5.3,7.1,170715,44003,HLTHOUT,CHD,CrdPrv,Coronary Heart Disease,POINT (-71.5802819 41.675118),2658
2021,RI,Rhode Island,Bristol,BRFSS,Health Outcomes,Current asthma among adults aged >=18 years,%,Crude prevalence,10.7,,,9.4,12.2,50818,44001,HLTHOUT,CASTHMA,CrdPrv,Current Asthma,POINT (-71.2866874 41.7068397),2657
2021,RI,Rhode Island,Washington,BRFSS,Health Outcomes,Coronary heart disease among adults aged >=18 years,%,Crude prevalence,6.1,,,5.2,7.2,130592,44009,HLTHOUT,CHD,CrdPrv,Coronary Heart Disease,POINT (-71.620282 41.396792),2703
2021,RI,Rhode Island,Bristol,BRFSS,Disability,Independent living disability among adults aged >=18 years,%,Crude prevalence,5.7,,,4.6,6.9,50818,44001,DISABLT,INDEPLIVE,CrdPrv,Independent Living Disability,POINT (-71.2866874 41.7068397),2657
2021,RI,Rhode Island,Washington,BRFSS,Health Risk Behaviors,Current smoking among adults aged >=18 years,%,Age-adjusted prevalence,11.9,,,8.8,15.2,130592,44009,RISKBEH,CSMOKING,AgeAdjPrv,Current Smoking,POINT (-71.620282 41.396792),2703
2021,RI,Rhode Island,Washington,BRFSS,Health Risk Behaviors,No leisure-time physical activity among adults aged >=18 years,%,Age-adjusted prevalence,16.7,,,13.4,20.3,130592,44009,RISKBEH,LPA,AgeAdjPrv,Physical Inactivity,POINT (-71.620282 41.396792),2703
2021,RI,Rhode Island,Newport,BRFSS,Health Risk Behaviors,Binge drinking among adults aged >=18 years,%,Crude prevalence,18.4,,,15.4,21.4,85264,44005,RISKBEH,BINGE,CrdPrv,Binge Drinking,POINT (-71.2830626 41.5010449),2659
2021,RI,Rhode Island,Kent,BRFSS,Health Outcomes,Stroke among adults aged >=18 years,%,Crude prevalence,3,,,2.6,3.4,170715,44003,HLTHOUT,STROKE,CrdPrv,Stroke,POINT (-71.5802819 41.675118),2658
2020,RI,Rhode Island,Bristol,BRFSS,Prevention,"Older adult women aged >=65 years who are up to date on a core set of clinical preventive services: Flu shot past year, PPV shot ever, Colorectal cancer screening, and Mammogram past 2 years",%,Age-adjusted prevalence,46.3,,,38.5,54.0,50818,44001,PREVENT,COREW,AgeAdjPrv,Core preventive services for older women,POINT (-71.2866874 41.7068397),2657
2021,RI,Rhode Island,Bristol,BRFSS,Prevention,Visits to doctor for routine checkup within the past year among adults aged >=18 years,%,Age-adjusted prevalence,78.8,,,74.3,82.7,50818,44001,PREVENT,CHECKUP,AgeAdjPrv,Annual Checkup,POINT (-71.2866874 41.7068397),2657
2021,RI,Rhode Island,Kent,BRFSS,Health Status,Fair or poor self-rated health status among adults aged >=18 years,%,Crude prevalence,12.9,,,10.6,15.4,170715,44003,HLTHSTAT,GHLTH,CrdPrv,General Health,POINT (-71.5802819 41.675118),2658
2021,RI,Rhode Island,Washington,BRFSS,Prevention,Cholesterol screening among adults aged >=18 years,%,Age-adjusted prevalence,89.3,,,86.6,91.6,130592,44009,PREVENT,CHOLSCREEN,AgeAdjPrv,Cholesterol Screening,POINT (-71.620282 41.396792),2703
2021,RI,Rhode Island,Newport,BRFSS,Disability,Hearing disability among adults aged >=18 years,%,Age-adjusted prevalence,5.4,,,4.7,6.2,85264,44005,DISABLT,HEARING,AgeAdjPrv,Hearing Disability,POINT (-71.2830626 41.5010449),2659
2021,RI,Rhode Island,Washington,BRFSS,Health Outcomes,Stroke among adults aged >=18 years,%,Age-adjusted prevalence,2.3,,,2.0,2.6,130592,44009,HLTHOUT,STROKE,AgeAdjPrv,Stroke,POINT (-71.620282 41.396792),2703
2021,RI,Rhode Island,Kent,BRFSS,Disability,Mobility disability among adults aged >=18 years,%,Age-adjusted prevalence,9.7,,,8.1,11.4,170715,44003,DISABLT,MOBILITY,AgeAdjPrv,Mobility Disability,POINT (-71.5802819 41.675118),2658
2020,RI,Rhode Island,Bristol,BRFSS,Health Risk Behaviors,Sleeping less than 7 hours among adults aged >=18 years,%,Crude prevalence,28.5,,,26.7,30.3,50818,44001,RISKBEH,SLEEP,CrdPrv,Sleep <7 hours,POINT (-71.2866874 41.7068397),2657
2021,RI,Rhode Island,Kent,BRFSS,Health Risk Behaviors,Current smoking among adults aged >=18 years,%,Crude prevalence,14.6,,,11.3,18.1,170715,44003,RISKBEH,CSMOKING,CrdPrv,Current Smoking,POINT (-71.5802819 41.675118),2658
2021,RI,Rhode Island,Providence,BRFSS,Disability,Hearing disability among adults aged >=18 years,%,Crude prevalence,6.6,,,5.8,7.5,658221,44007,DISABLT,HEARING,CrdPrv,Hearing Disability,POINT (-71.5786246 41.8697678),2660
2021,RI,Rhode Island,Newport,BRFSS,Prevention,Current lack of health insurance among adults aged 18-64 years,%,Crude prevalence,5,,,3.7,6.6,85264,44005,PREVENT,ACCESS2,CrdPrv,Health Insurance,POINT (-71.2830626 41.5010449),2659
2021,RI,Rhode Island,Bristol,BRFSS,Health Outcomes,Chronic kidney disease among adults aged >=18 years,%,Age-adjusted prevalence,2.4,,,2.1,2.7,50818,44001,HLTHOUT,KIDNEY,AgeAdjPrv,Chronic Kidney Disease,POINT (-71.2866874 41.7068397),2657
2021,RI,Rhode Island,Washington,BRFSS,Health Outcomes,Diagnosed diabetes among adults aged >=18 years,%,Age-adjusted prevalence,7,,,5.9,8.2,130592,44009,HLTHOUT,DIABETES,AgeAdjPrv,Diabetes,POINT (-71.620282 41.396792),2703
2021,RI,Rhode Island,Washington,BRFSS,Health Outcomes,Arthritis among adults aged >=18 years,%,Crude prevalence,28.7,,,25.5,32.0,130592,44009,HLTHOUT,ARTHRITIS,CrdPrv,Arthritis,POINT (-71.620282 41.396792),2703
2021,RI,Rhode Island,Providence,BRFSS,Health Outcomes,Current asthma among adults aged >=18 years,%,Crude prevalence,12.2,,,10.8,13.6,658221,44007,HLTHOUT,CASTHMA,CrdPrv,Current Asthma,POINT (-71.5786246 41.8697678),2660
2021,RI,Rhode Island,Kent,BRFSS,Health Outcomes,Chronic obstructive pulmonary disease among adults aged >=18 years,%,Age-adjusted prevalence,5.4,,,4.4,6.5,170715,44003,HLTHOUT,COPD,AgeAdjPrv,COPD,POINT (-71.5802819 41.675118),2658
2020,RI,Rhode Island,Washington,BRFSS,Prevention,Visits to dentist or dental clinic among adults aged >=18 years,%,Crude prevalence,76.8,,,73.6,79.9,130592,44009,PREVENT,DENTAL,CrdPrv,Dental Visit,POINT (-71.620282 41.396792),2703
2021,RI,Rhode Island,Newport,BRFSS,Health Outcomes,Chronic obstructive pulmonary disease among adults aged >=18 years,%,Crude prevalence,5.8,,,4.5,7.4,85264,44005,HLTHOUT,COPD,CrdPrv,COPD,POINT (-71.2830626 41.5010449),2659
2021,RI,Rhode Island,Newport,BRFSS,Disability,Mobility disability among adults aged >=18 years,%,Crude prevalence,10.8,,,8.7,13.2,85264,44005,DISABLT,MOBILITY,CrdPrv,Mobility Disability,POINT (-71.2830626 41.5010449),2659
2020,RI,Rhode Island,Bristol,BRFSS,Prevention,"Fecal occult blood test, sigmoidoscopy, or colonoscopy among adults aged 50-75 years",%,Crude prevalence,79.4,,,76.3,82.1,50818,44001,PREVENT,COLON_SCREEN,CrdPrv,Colorectal Cancer Screening,POINT (-71.2866874 41.7068397),2657
2021,RI,Rhode Island,Bristol,BRFSS,Health Outcomes,Arthritis among adults aged >=18 years,%,Crude prevalence,27.3,,,23.7,31.0,50818,44001,HLTHOUT,ARTHRITIS,CrdPrv,Arthritis,POINT (-71.2866874 41.7068397),2657
2021,RI,Rhode Island,Washington,BRFSS,Health Status,Mental health not good for >=14 days among adults aged >=18 years,%,Age-adjusted prevalence,14.5,,,12.3,16.8,130592,44009,HLTHSTAT,MHLTH,AgeAdjPrv,Mental Health,POINT (-71.620282 41.396792),2703
2021,RI,Rhode Island,Washington,BRFSS,Disability,Self-care disability among adults aged >=18 years,%,Age-adjusted prevalence,2.5,,,2.0,3.0,130592,44009,DISABLT,SELFCARE,AgeAdjPrv,Self-care Disability,POINT (-71.620282 41.396792),2703
2020,RI,Rhode Island,Bristol,BRFSS,Prevention,Visits to dentist or dental clinic among adults aged >=18 years,%,Crude prevalence,77.4,,,73.6,80.8,50818,44001,PREVENT,DENTAL,CrdPrv,Dental Visit,POINT (-71.2866874 41.7068397),2657
2021,RI,Rhode Island,Newport,BRFSS,Disability,Self-care disability among adults aged >=18 years,%,Crude prevalence,2.8,,,2.3,3.4,85264,44005,DISABLT,SELFCARE,CrdPrv,Self-care Disability,POINT (-71.2830626 41.5010449),2659
2021,RI,Rhode Island,Newport,BRFSS,Health Outcomes,Coronary heart disease among adults aged >=18 years,%,Age-adjusted prevalence,4.6,,,3.9,5.2,85264,44005,HLTHOUT,CHD,AgeAdjPrv,Coronary Heart Disease,POINT (-71.2830626 41.5010449),2659
2021,RI,Rhode Island,Providence,BRFSS,Disability,Independent living disability among adults aged >=18 years,%,Age-adjusted prevalence,7.4,,,6.3,8.6,658221,44007,DISABLT,INDEPLIVE,AgeAdjPrv,Independent Living Disability,POINT (-71.5786246 41.8697678),2660
2021,RI,Rhode Island,Kent,BRFSS,Health Status,Mental health not good for >=14 days among adults aged >=18 years,%,Age-adjusted prevalence,16.1,,,13.8,18.4,170715,44003,HLTHSTAT,MHLTH,AgeAdjPrv,Mental Health,POINT (-71.5802819 41.675118),2658
2020,RI,Rhode Island,Kent,BRFSS,Prevention,Cervical cancer screening among adult women aged 21-65 years,%,Crude prevalence,86.4,,,84.3,88.4,170715,44003,PREVENT,CERVICAL,CrdPrv,Cervical Cancer Screening,POINT (-71.5802819 41.675118),2658
2021,RI,Rhode Island,Providence,BRFSS,Health Outcomes,Coronary heart disease among adults aged >=18 years,%,Age-adjusted prevalence,5.4,,,4.7,6.2,658221,44007,HLTHOUT,CHD,AgeAdjPrv,Coronary Heart Disease,POINT (-71.5786246 41.8697678),2660
2021,RI,Rhode Island,Kent,BRFSS,Health Outcomes,Depression among adults aged >=18 years,%,Crude prevalence,26,,,22.4,29.7,170715,44003,HLTHOUT,DEPRESSION,CrdPrv,Depression,POINT (-71.5802819 41.675118),2658
2021,RI,Rhode Island,Bristol,BRFSS,Disability,Any disability among adults aged >=18 years,%,Age-adjusted prevalence,20.9,,,17.1,24.7,50818,44001,DISABLT,DISABILITY,AgeAdjPrv,Any Disability,POINT (-71.2866874 41.7068397),2657
2021,RI,Rhode Island,Bristol,BRFSS,Disability,Vision disability among adults aged >=18 years,%,Age-adjusted prevalence,3.1,,,2.5,3.7,50818,44001,DISABLT,VISION,AgeAdjPrv,Vision Disability,POINT (-71.2866874 41.7068397),2657
2021,RI,Rhode Island,Newport,BRFSS,Disability,Independent living disability among adults aged >=18 years,%,Age-adjusted prevalence,5.4,,,4.4,6.4,85264,44005,DISABLT,INDEPLIVE,AgeAdjPrv,Independent Living Disability,POINT (-71.2830626 41.5010449),2659
2021,RI,Rhode Island,Providence,BRFSS,Health Risk Behaviors,Current smoking among adults aged >=18 years,%,Crude prevalence,14.4,,,11.8,17.4,658221,44007,RISKBEH,CSMOKING,CrdPrv,Current Smoking,POINT (-71.5786246 41.8697678),2660
2021,RI,Rhode Island,Providence,BRFSS,Health Risk Behaviors,Binge drinking among adults aged >=18 years,%,Age-adjusted prevalence,17.1,,,14.9,19.5,658221,44007,RISKBEH,BINGE,AgeAdjPrv,Binge Drinking,POINT (-71.5786246 41.8697678),2660
2021,RI,Rhode Island,Bristol,BRFSS,Prevention,Taking medicine for high blood pressure control among adults aged >=18 years with high blood pressure,%,Age-adjusted prevalence,58,,,52.8,62.9,50818,44001,PREVENT,BPMED,AgeAdjPrv,Taking BP Medication,POINT (-71.2866874 41.7068397),2657
2021,RI,Rhode Island,Newport,BRFSS,Disability,Cognitive disability among adults ages >=18 years,%,Crude prevalence,10,,,8.2,12.1,85264,44005,DISABLT,COGNITION,CrdPrv,Cognitive Disability,POINT (-71.2830626 41.5010449),2659
2021,RI,Rhode Island,Bristol,BRFSS,Health Status,Mental health not good for >=14 days among adults aged >=18 years,%,Crude prevalence,13.5,,,11.3,15.8,50818,44001,HLTHSTAT,MHLTH,CrdPrv,Mental Health,POINT (-71.2866874 41.7068397),2657
2021,RI,Rhode Island,Providence,BRFSS,Health Status,Physical health not good for >=14 days among adults aged >=18 years,%,Age-adjusted prevalence,11,,,9.5,12.7,658221,44007,HLTHSTAT,PHLTH,AgeAdjPrv,Physical Health,POINT (-71.5786246 41.8697678),2660
2021,RI,Rhode Island,Newport,BRFSS,Health Outcomes,Current asthma among adults aged >=18 years,%,Age-adjusted prevalence,10.7,,,9.4,12.1,85264,44005,HLTHOUT,CASTHMA,AgeAdjPrv,Current Asthma,POINT (-71.2830626 41.5010449),2659
2020,RI,Rhode Island,Newport,BRFSS,Prevention,Mammography use among women aged 50-74 years,%,Crude prevalence,81.9,,,78.6,84.9,85264,44005,PREVENT,MAMMOUSE,CrdPrv,Mammography,POINT (-71.2830626 41.5010449),2659
2020,RI,Rhode Island,Kent,BRFSS,Prevention,Mammography use among women aged 50-74 years,%,Age-adjusted prevalence,79.9,,,76.2,83.1,170715,44003,PREVENT,MAMMOUSE,AgeAdjPrv,Mammography,POINT (-71.5802819 41.675118),2658
2021,RI,Rhode Island,Kent,BRFSS,Prevention,Taking medicine for high blood pressure control among adults aged >=18 years with high blood pressure,%,Age-adjusted prevalence,60.7,,,56.1,65.0,170715,44003,PREVENT,BPMED,AgeAdjPrv,Taking BP Medication,POINT (-71.5802819 41.675118),2658
2021,RI,Rhode Island,Newport,BRFSS,Health Risk Behaviors,Current smoking among adults aged >=18 years,%,Crude prevalence,10.2,,,7.5,13.0,85264,44005,RISKBEH,CSMOKING,CrdPrv,Current Smoking,POINT (-71.2830626 41.5010449),2659
2020,RI,Rhode Island,Providence,BRFSS,Prevention,"Older adult women aged >=65 years who are up to date on a core set of clinical preventive services: Flu shot past year, PPV shot ever, Colorectal cancer screening, and Mammogram past 2 years",%,Age-adjusted prevalence,44.6,,,38.4,51.0,658221,44007,PREVENT,COREW,AgeAdjPrv,Core preventive services for older women,POINT (-71.5786246 41.8697678),2660
2021,RI,Rhode Island,Washington,BRFSS,Disability,Hearing disability among adults aged >=18 years,%,Age-adjusted prevalence,5.6,,,4.9,6.4,130592,44009,DISABLT,HEARING,AgeAdjPrv,Hearing Disability,POINT (-71.620282 41.396792),2703
2021,RI,Rhode Island,Kent,BRFSS,Health Outcomes,Obesity among adults aged >=18 years,%,Crude prevalence,30,,,25.2,35.1,170715,44003,HLTHOUT,OBESITY,CrdPrv,Obesity,POINT (-71.5802819 41.675118),2658
2021,RI,Rhode Island,Washington,BRFSS,Health Outcomes,Current asthma among adults aged >=18 years,%,Age-adjusted prevalence,11.5,,,10.0,13.0,130592,44009,HLTHOUT,CASTHMA,AgeAdjPrv,Current Asthma,POINT (-71.620282 41.396792),2703
2021,RI,Rhode Island,Bristol,BRFSS,Disability,Hearing disability among adults aged >=18 years,%,Age-adjusted prevalence,5.4,,,4.6,6.2,50818,44001,DISABLT,HEARING,AgeAdjPrv,Hearing Disability,POINT (-71.2866874 41.7068397),2657
2021,RI,Rhode Island,Kent,BRFSS,Health Outcomes,Chronic kidney disease among adults aged >=18 years,%,Crude prevalence,3.1,,,2.7,3.4,170715,44003,HLTHOUT,KIDNEY,CrdPrv,Chronic Kidney Disease,POINT (-71.5802819 41.675118),2658
2020,RI,Rhode Island,Kent,BRFSS,Health Risk Behaviors,Sleeping less than 7 hours among adults aged >=18 years,%,Age-adjusted prevalence,37,,,35.3,38.7,170715,44003,RISKBEH,SLEEP,AgeAdjPrv,Sleep <7 hours,POINT (-71.5802819 41.675118),2658
2020,RI,Rhode Island,Newport,BRFSS,Prevention,Cervical cancer screening among adult women aged 21-65 years,%,Age-adjusted prevalence,87,,,84.8,89.1,85264,44005,PREVENT,CERVICAL,AgeAdjPrv,Cervical Cancer Screening,POINT (-71.2830626 41.5010449),2659
2021,RI,Rhode Island,Bristol,BRFSS,Health Risk Behaviors,Current smoking among adults aged >=18 years,%,Crude prevalence,11.1,,,8.0,14.3,50818,44001,RISKBEH,CSMOKING,CrdPrv,Current Smoking,POINT (-71.2866874 41.7068397),2657
2021,RI,Rhode Island,Kent,BRFSS,Health Outcomes,Arthritis among adults aged >=18 years,%,Age-adjusted prevalence,26,,,23.0,29.0,170715,44003,HLTHOUT,ARTHRITIS,AgeAdjPrv,Arthritis,POINT (-71.5802819 41.675118),2658
2021,RI,Rhode Island,Newport,BRFSS,Health Outcomes,Depression among adults aged >=18 years,%,Age-adjusted prevalence,23.9,,,20.2,27.8,85264,44005,HLTHOUT,DEPRESSION,AgeAdjPrv,Depression,POINT (-71.2830626 41.5010449),2659
2021,RI,Rhode Island,Newport,BRFSS,Disability,Vision disability among adults aged >=18 years,%,Crude prevalence,3.6,,,3.0,4.4,85264,44005,DISABLT,VISION,CrdPrv,Vision Disability,POINT (-71.2830626 41.5010449),2659
2021,RI,Rhode Island,Bristol,BRFSS,Prevention,Current lack of health insurance among adults aged 18-64 years,%,Crude prevalence,4.6,,,3.2,6.4,50818,44001,PREVENT,ACCESS2,CrdPrv,Health Insurance,POINT (-71.2866874 41.7068397),2657
2021,RI,Rhode Island,Newport,BRFSS,Prevention,Visits to doctor for routine checkup within the past year among adults aged >=18 years,%,Crude prevalence,80.4,,,76.6,84.0,85264,44005,PREVENT,CHECKUP,CrdPrv,Annual Checkup,POINT (-71.2830626 41.5010449),2659
2020,RI,Rhode Island,Kent,BRFSS,Prevention,Visits to dentist or dental clinic among adults aged >=18 years,%,Age-adjusted prevalence,71,,,67.5,74.4,170715,44003,PREVENT,DENTAL,AgeAdjPrv,Dental Visit,POINT (-71.5802819 41.675118),2658
2021,RI,Rhode Island,Bristol,BRFSS,Health Outcomes,Obesity among adults aged >=18 years,%,Crude prevalence,23.4,,,18.6,28.7,50818,44001,HLTHOUT,OBESITY,CrdPrv,Obesity,POINT (-71.2866874 41.7068397),2657
2020,RI,Rhode Island,Providence,BRFSS,Health Outcomes,All teeth lost among adults aged >=65 years,%,Crude prevalence,9.3,,,5.8,13.5,658221,44007,HLTHOUT,TEETHLOST,CrdPrv,All Teeth Lost,POINT (-71.5786246 41.8697678),2660
2020,RI,Rhode Island,Washington,BRFSS,Prevention,"Older adult men aged >=65 years who are up to date on a core set of clinical preventive services: Flu shot past year, PPV shot ever, Colorectal cancer screening",%,Crude prevalence,56.2,,,48.2,63.3,130592,44009,PREVENT,COREM,CrdPrv,Core preventive services for older men,POINT (-71.620282 41.396792),2703
2021,RI,Rhode Island,Newport,BRFSS,Health Outcomes,Chronic kidney disease among adults aged >=18 years,%,Crude prevalence,3.1,,,2.8,3.5,85264,44005,HLTHOUT,KIDNEY,CrdPrv,Chronic Kidney Disease,POINT (-71.2830626 41.5010449),2659
2021,RI,Rhode Island,Newport,BRFSS,Health Outcomes,Stroke among adults aged >=18 years,%,Age-adjusted prevalence,2.3,,,2.0,2.6,85264,44005,HLTHOUT,STROKE,AgeAdjPrv,Stroke,POINT (-71.2830626 41.5010449),2659
2021,RI,Rhode Island,Providence,BRFSS,Health Outcomes,Chronic obstructive pulmonary disease among adults aged >=18 years,%,Age-adjusted prevalence,5.6,,,4.6,6.8,658221,44007,HLTHOUT,COPD,AgeAdjPrv,COPD,POINT (-71.5786246 41.8697678),2660
2021,RI,Rhode Island,Providence,BRFSS,Disability,Any disability among adults aged >=18 years,%,Crude prevalence,29,,,25.3,32.9,658221,44007,DISABLT,DISABILITY,CrdPrv,Any Disability,POINT (-71.5786246 41.8697678),2660
2021,RI,Rhode Island,Washington,BRFSS,Disability,Independent living disability among adults aged >=18 years,%,Age-adjusted prevalence,5.6,,,4.5,6.8,130592,44009,DISABLT,INDEPLIVE,AgeAdjPrv,Independent Living Disability,POINT (-71.620282 41.396792),2703
2021,RI,Rhode Island,Providence,BRFSS,Health Outcomes,Arthritis among adults aged >=18 years,%,Age-adjusted prevalence,24.1,,,21.6,26.8,658221,44007,HLTHOUT,ARTHRITIS,AgeAdjPrv,Arthritis,POINT (-71.5786246 41.8697678),2660
2020,RI,Rhode Island,Bristol,BRFSS,Health Outcomes,All teeth lost among adults aged >=65 years,%,Age-adjusted prevalence,7.5,,,3.8,11.6,50818,44001,HLTHOUT,TEETHLOST,AgeAdjPrv,All Teeth Lost,POINT (-71.2866874 41.7068397),2657
2021,RI,Rhode Island,Providence,BRFSS,Health Outcomes,Diagnosed diabetes among adults aged >=18 years,%,Crude prevalence,10.9,,,9.6,12.3,658221,44007,HLTHOUT,DIABETES,CrdPrv,Diabetes,POINT (-71.5786246 41.8697678),2660
2021,RI,Rhode Island,Bristol,BRFSS,Disability,Independent living disability among adults aged >=18 years,%,Age-adjusted prevalence,5.4,,,4.3,6.4,50818,44001,DISABLT,INDEPLIVE,AgeAdjPrv,Independent Living Disability,POINT (-71.2866874 41.7068397),2657
2021,RI,Rhode Island,Washington,BRFSS,Health Risk Behaviors,No leisure-time physical activity among adults aged >=18 years,%,Crude prevalence,17.6,,,14.1,21.2,130592,44009,RISKBEH,LPA,CrdPrv,Physical Inactivity,POINT (-71.620282 41.396792),2703
2021,RI,Rhode Island,Washington,BRFSS,Health Outcomes,Coronary heart disease among adults aged >=18 years,%,Age-adjusted prevalence,4.7,,,4.0,5.4,130592,44009,HLTHOUT,CHD,AgeAdjPrv,Coronary Heart Disease,POINT (-71.620282 41.396792),2703
2020,RI,Rhode Island,Bristol,BRFSS,Prevention,"Older adult men aged >=65 years who are up to date on a core set of clinical preventive services: Flu shot past year, PPV shot ever, Colorectal cancer screening",%,Crude prevalence,54.3,,,45.8,62.8,50818,44001,PREVENT,COREM,CrdPrv,Core preventive services for older men,POINT (-71.2866874 41.7068397),2657
2020,RI,Rhode Island,Bristol,BRFSS,Prevention,Mammography use among women aged 50-74 years,%,Crude prevalence,82,,,78.1,85.4,50818,44001,PREVENT,MAMMOUSE,CrdPrv,Mammography,POINT (-71.2866874 41.7068397),2657
2020,RI,Rhode Island,Kent,BRFSS,Prevention,"Older adult men aged >=65 years who are up to date on a core set of clinical preventive services: Flu shot past year, PPV shot ever, Colorectal cancer screening",%,Crude prevalence,50.3,,,42.6,57.7,170715,44003,PREVENT,COREM,CrdPrv,Core preventive services for older men,POINT (-71.5802819 41.675118),2658
2021,RI,Rhode Island,Kent,BRFSS,Health Outcomes,High blood pressure among adults aged >=18 years,%,Age-adjusted prevalence,29.5,,,26.4,32.7,170715,44003,HLTHOUT,BPHIGH,AgeAdjPrv,High Blood Pressure,POINT (-71.5802819 41.675118),2658
2021,RI,Rhode Island,Washington,BRFSS,Disability,Mobility disability among adults aged >=18 years,%,Age-adjusted prevalence,8.5,,,6.8,10.3,130592,44009,DISABLT,MOBILITY,AgeAdjPrv,Mobility Disability,POINT (-71.620282 41.396792),2703
2020,RI,Rhode Island,Newport,BRFSS,Prevention,"Fecal occult blood test, sigmoidoscopy, or colonoscopy among adults aged 50-75 years",%,Age-adjusted prevalence,78,,,75.1,80.8,85264,44005,PREVENT,COLON_SCREEN,AgeAdjPrv,Colorectal Cancer Screening,POINT (-71.2830626 41.5010449),2659
2021,RI,Rhode Island,Newport,BRFSS,Health Status,Mental health not good for >=14 days among adults aged >=18 years,%,Age-adjusted prevalence,13.9,,,11.7,16.1,85264,44005,HLTHSTAT,MHLTH,AgeAdjPrv,Mental Health,POINT (-71.2830626 41.5010449),2659
2020,RI,Rhode Island,Providence,BRFSS,Health Risk Behaviors,Sleeping less than 7 hours among adults aged >=18 years,%,Crude prevalence,36,,,34.7,37.3,658221,44007,RISKBEH,SLEEP,CrdPrv,Sleep <7 hours,POINT (-71.5786246 41.8697678),2660
2021,RI,Rhode Island,Bristol,BRFSS,Health Outcomes,Coronary heart disease among adults aged >=18 years,%,Age-adjusted prevalence,4.5,,,3.8,5.2,50818,44001,HLTHOUT,CHD,AgeAdjPrv,Coronary Heart Disease,POINT (-71.2866874 41.7068397),2657
2020,RI,Rhode Island,Washington,BRFSS,Health Outcomes,All teeth lost among adults aged >=65 years,%,Crude prevalence,7.1,,,4.0,11.4,130592,44009,HLTHOUT,TEETHLOST,CrdPrv,All Teeth Lost,POINT (-71.620282 41.396792),2703
2021,RI,Rhode Island,Kent,BRFSS,Health Outcomes,High cholesterol among adults aged >=18 years who have been screened in the past 5 years,%,Age-adjusted prevalence,29.5,,,26.1,33.1,170715,44003,HLTHOUT,HIGHCHOL,AgeAdjPrv,High Cholesterol,POINT (-71.5802819 41.675118),2658
2021,RI,Rhode Island,Kent,BRFSS,Prevention,Cholesterol screening among adults aged >=18 years,%,Age-adjusted prevalence,89.3,,,86.8,91.5,170715,44003,PREVENT,CHOLSCREEN,AgeAdjPrv,Cholesterol Screening,POINT (-71.5802819 41.675118),2658
2021,RI,Rhode Island,Newport,BRFSS,Health Outcomes,High cholesterol among adults aged >=18 years who have been screened in the past 5 years,%,Age-adjusted prevalence,29.8,,,26.1,33.7,85264,44005,HLTHOUT,HIGHCHOL,AgeAdjPrv,High Cholesterol,POINT (-71.2830626 41.5010449),2659
2021,RI,Rhode Island,Bristol,BRFSS,Disability,Self-care disability among adults aged >=18 years,%,Crude prevalence,2.7,,,2.2,3.3,50818,44001,DISABLT,SELFCARE,CrdPrv,Self-care Disability,POINT (-71.2866874 41.7068397),2657
2021,RI,Rhode Island,Providence,BRFSS,Disability,Mobility disability among adults aged >=18 years,%,Age-adjusted prevalence,12.3,,,10.5,14.2,658221,44007,DISABLT,MOBILITY,AgeAdjPrv,Mobility Disability,POINT (-71.5786246 41.8697678),2660
2021,RI,Rhode Island,Kent,BRFSS,Health Outcomes,Current asthma among adults aged >=18 years,%,Crude prevalence,11.2,,,9.9,12.7,170715,44003,HLTHOUT,CASTHMA,CrdPrv,Current Asthma,POINT (-71.5802819 41.675118),2658
2021,RI,Rhode Island,Providence,BRFSS,Disability,Cognitive disability among adults ages >=18 years,%,Age-adjusted prevalence,13.3,,,11.3,15.6,658221,44007,DISABLT,COGNITION,AgeAdjPrv,Cognitive Disability,POINT (-71.5786246 41.8697678),2660
2021,RI,Rhode Island,Bristol,BRFSS,Health Outcomes,Diagnosed diabetes among adults aged >=18 years,%,Age-adjusted prevalence,6.9,,,5.8,8.2,50818,44001,HLTHOUT,DIABETES,AgeAdjPrv,Diabetes,POINT (-71.2866874 41.7068397),2657
2021,RI,Rhode Island,Newport,BRFSS,Disability,Any disability among adults aged >=18 years,%,Crude prevalence,23.2,,,19.3,27.3,85264,44005,DISABLT,DISABILITY,CrdPrv,Any Disability,POINT (-71.2830626 41.5010449),2659
2021,RI,Rhode Island,Kent,BRFSS,Disability,Mobility disability among adults aged >=18 years,%,Crude prevalence,11.7,,,9.7,13.9,170715,44003,DISABLT,MOBILITY,CrdPrv,Mobility Disability,POINT (-71.5802819 41.675118),2658
2021,RI,Rhode Island,Washington,BRFSS,Health Status,Mental health not good for >=14 days among adults aged >=18 years,%,Crude prevalence,13.6,,,11.6,15.8,130592,44009,HLTHSTAT,MHLTH,CrdPrv,Mental Health,POINT (-71.620282 41.396792),2703
2020,RI,Rhode Island,Newport,BRFSS,Prevention,"Older adult men aged >=65 years who are up to date on a core set of clinical preventive services: Flu shot past year, PPV shot ever, Colorectal cancer screening",%,Age-adjusted prevalence,47.2,,,39.4,54.2,85264,44005,PREVENT,COREM,AgeAdjPrv,Core preventive services for older men,POINT (-71.2830626 41.5010449),2659
2021,RI,Rhode Island,Bristol,BRFSS,Health Outcomes,Chronic kidney disease among adults aged >=18 years,%,Crude prevalence,3,,,2.6,3.3,50818,44001,HLTHOUT,KIDNEY,CrdPrv,Chronic Kidney Disease,POINT (-71.2866874 41.7068397),2657
2021,RI,Rhode Island,Washington,BRFSS,Health Risk Behaviors,Binge drinking among adults aged >=18 years,%,Age-adjusted prevalence,19.7,,,16.9,23.0,130592,44009,RISKBEH,BINGE,AgeAdjPrv,Binge Drinking,POINT (-71.620282 41.396792),2703
2021,RI,Rhode Island,Bristol,BRFSS,Prevention,Visits to doctor for routine checkup within the past year among adults aged >=18 years,%,Crude prevalence,81.1,,,77.1,84.7,50818,44001,PREVENT,CHECKUP,CrdPrv,Annual Checkup,POINT (-71.2866874 41.7068397),2657
2021,RI,Rhode Island,Providence,BRFSS,Health Outcomes,High blood pressure among adults aged >=18 years,%,Crude prevalence,32.1,,,29.1,35.3,658221,44007,HLTHOUT,BPHIGH,CrdPrv,High Blood Pressure,POINT (-71.5786246 41.8697678),2660
2021,RI,Rhode Island,Providence,BRFSS,Prevention,Taking medicine for high blood pressure control among adults aged >=18 years with high blood pressure,%,Crude prevalence,80,,,77.5,82.2,658221,44007,PREVENT,BPMED,CrdPrv,Taking BP Medication,POINT (-71.5786246 41.8697678),2660
2021,RI,Rhode Island,Providence,BRFSS,Health Status,Physical health not good for >=14 days among adults aged >=18 years,%,Crude prevalence,11.4,,,9.8,13.1,658221,44007,HLTHSTAT,PHLTH,CrdPrv,Physical Health,POINT (-71.5786246 41.8697678),2660
2021,RI,Rhode Island,Bristol,BRFSS,Health Outcomes,Current asthma among adults aged >=18 years,%,Age-adjusted prevalence,10.9,,,9.5,12.3,50818,44001,HLTHOUT,CASTHMA,AgeAdjPrv,Current Asthma,POINT (-71.2866874 41.7068397),2657
2021,RI,Rhode Island,Newport,BRFSS,Health Outcomes,Current asthma among adults aged >=18 years,%,Crude prevalence,10.5,,,9.3,11.9,85264,44005,HLTHOUT,CASTHMA,CrdPrv,Current Asthma,POINT (-71.2830626 41.5010449),2659
2021,RI,Rhode Island,Kent,BRFSS,Health Outcomes,Coronary heart disease among adults aged >=18 years,%,Age-adjusted prevalence,4.8,,,4.1,5.5,170715,44003,HLTHOUT,CHD,AgeAdjPrv,Coronary Heart Disease,POINT (-71.5802819 41.675118),2658
2021,RI,Rhode Island,Kent,BRFSS,Health Outcomes,Current asthma among adults aged >=18 years,%,Age-adjusted prevalence,11.4,,,10.0,12.8,170715,44003,HLTHOUT,CASTHMA,AgeAdjPrv,Current Asthma,POINT (-71.5802819 41.675118),2658
2021,RI,Rhode Island,Kent,BRFSS,Prevention,Taking medicine for high blood pressure control among adults aged >=18 years with high blood pressure,%,Crude prevalence,80.6,,,77.9,83.2,170715,44003,PREVENT,BPMED,CrdPrv,Taking BP Medication,POINT (-71.5802819 41.675118),2658
2020,RI,Rhode Island,Providence,BRFSS,Health Risk Behaviors,Sleeping less than 7 hours among adults aged >=18 years,%,Age-adjusted prevalence,36.6,,,35.3,37.9,658221,44007,RISKBEH,SLEEP,AgeAdjPrv,Sleep <7 hours,POINT (-71.5786246 41.8697678),2660
2021,RI,Rhode Island,Newport,BRFSS,Health Risk Behaviors,Binge drinking among adults aged >=18 years,%,Age-adjusted prevalence,21.3,,,18.0,24.8,85264,44005,RISKBEH,BINGE,AgeAdjPrv,Binge Drinking,POINT (-71.2830626 41.5010449),2659
2020,RI,Rhode Island,Providence,BRFSS,Prevention,Visits to dentist or dental clinic among adults aged >=18 years,%,Age-adjusted prevalence,69,,,66.0,71.8,658221,44007,PREVENT,DENTAL,AgeAdjPrv,Dental Visit,POINT (-71.5786246 41.8697678),2660
2020,RI,Rhode Island,Providence,BRFSS,Prevention,Mammography use among women aged 50-74 years,%,Age-adjusted prevalence,79.4,,,76.4,82.1,658221,44007,PREVENT,MAMMOUSE,AgeAdjPrv,Mammography,POINT (-71.5786246 41.8697678),2660
2021,RI,Rhode Island,Kent,BRFSS,Health Status,Fair or poor self-rated health status among adults aged >=18 years,%,Age-adjusted prevalence,11.7,,,9.6,13.9,170715,44003,HLTHSTAT,GHLTH,AgeAdjPrv,General Health,POINT (-71.5802819 41.675118),2658
2021,RI,Rhode Island,Bristol,BRFSS,Prevention,Taking medicine for high blood pressure control among adults aged >=18 years with high blood pressure,%,Crude prevalence,79.8,,,76.2,82.8,50818,44001,PREVENT,BPMED,CrdPrv,Taking BP Medication,POINT (-71.2866874 41.7068397),2657
2021,RI,Rhode Island,Newport,BRFSS,Health Outcomes,Obesity among adults aged >=18 years,%,Age-adjusted prevalence,26.1,,,21.2,31.4,85264,44005,HLTHOUT,OBESITY,AgeAdjPrv,Obesity,POINT (-71.2830626 41.5010449),2659
2021,RI,Rhode Island,Washington,BRFSS,Prevention,Cholesterol screening among adults aged >=18 years,%,Crude prevalence,90.3,,,87.8,92.4,130592,44009,PREVENT,CHOLSCREEN,CrdPrv,Cholesterol Screening,POINT (-71.620282 41.396792),2703
2021,RI,Rhode Island,Washington,BRFSS,Health Outcomes,Depression among adults aged >=18 years,%,Age-adjusted prevalence,25,,,21.4,28.9,130592,44009,HLTHOUT,DEPRESSION,AgeAdjPrv,Depression,POINT (-71.620282 41.396792),2703
2021,RI,Rhode Island,Newport,BRFSS,Disability,Hearing disability among adults aged >=18 years,%,Crude prevalence,7,,,6.0,8.1,85264,44005,DISABLT,HEARING,CrdPrv,Hearing Disability,POINT (-71.2830626 41.5010449),2659
2021,RI,Rhode Island,Newport,BRFSS,Disability,Self-care disability among adults aged >=18 years,%,Age-adjusted prevalence,2.4,,,2.0,2.9,85264,44005,DISABLT,SELFCARE,AgeAdjPrv,Self-care Disability,POINT (-71.2830626 41.5010449),2659
2021,RI,Rhode Island,Providence,BRFSS,Disability,Independent living disability among adults aged >=18 years,%,Crude prevalence,7.5,,,6.4,8.7,658221,44007,DISABLT,INDEPLIVE,CrdPrv,Independent Living Disability,POINT (-71.5786246 41.8697678),2660
2021,RI,Rhode Island,Bristol,BRFSS,Disability,Cognitive disability among adults ages >=18 years,%,Age-adjusted prevalence,10.6,,,8.3,13.0,50818,44001,DISABLT,COGNITION,AgeAdjPrv,Cognitive Disability,POINT (-71.2866874 41.7068397),2657
2020,RI,Rhode Island,Washington,BRFSS,Prevention,"Fecal occult blood test, sigmoidoscopy, or colonoscopy among adults aged 50-75 years",%,Age-adjusted prevalence,79.4,,,76.2,82.0,130592,44009,PREVENT,COLON_SCREEN,AgeAdjPrv,Colorectal Cancer Screening,POINT (-71.620282 41.396792),2703
2020,RI,Rhode Island,Kent,BRFSS,Prevention,Mammography use among women aged 50-74 years,%,Crude prevalence,80.1,,,76.5,83.2,170715,44003,PREVENT,MAMMOUSE,CrdPrv,Mammography,POINT (-71.5802819 41.675118),2658
2020,RI,Rhode Island,Providence,BRFSS,Prevention,"Older adult women aged >=65 years who are up to date on a core set of clinical preventive services: Flu shot past year, PPV shot ever, Colorectal cancer screening, and Mammogram past 2 years",%,Crude prevalence,43.8,,,37.5,50.2,658221,44007,PREVENT,COREW,CrdPrv,Core preventive services for older women,POINT (-71.5786246 41.8697678),2660
2021,RI,Rhode Island,Bristol,BRFSS,Disability,Vision disability among adults aged >=18 years,%,Crude prevalence,3.5,,,2.8,4.2,50818,44001,DISABLT,VISION,CrdPrv,Vision Disability,POINT (-71.2866874 41.7068397),2657
2020,RI,Rhode Island,Kent,BRFSS,Health Outcomes,All teeth lost among adults aged >=65 years,%,Age-adjusted prevalence,8.8,,,5.3,13.1,170715,44003,HLTHOUT,TEETHLOST,AgeAdjPrv,All Teeth Lost,POINT (-71.5802819 41.675118),2658
2021,RI,Rhode Island,Newport,BRFSS,Health Risk Behaviors,Current smoking among adults aged >=18 years,%,Age-adjusted prevalence,11,,,8.1,14.1,85264,44005,RISKBEH,CSMOKING,AgeAdjPrv,Current Smoking,POINT (-71.2830626 41.5010449),2659
2021,RI,Rhode Island,Washington,BRFSS,Health Outcomes,Chronic kidney disease among adults aged >=18 years,%,Age-adjusted prevalence,2.4,,,2.2,2.7,130592,44009,HLTHOUT,KIDNEY,AgeAdjPrv,Chronic Kidney Disease,POINT (-71.620282 41.396792),2703
2021,RI,Rhode Island,Newport,BRFSS,Prevention,Taking medicine for high blood pressure control among adults aged >=18 years with high blood pressure,%,Crude prevalence,79.6,,,76.5,82.5,85264,44005,PREVENT,BPMED,CrdPrv,Taking BP Medication,POINT (-71.2830626 41.5010449),2659
2020,RI,Rhode Island,Providence,BRFSS,Prevention,Cervical cancer screening among adult women aged 21-65 years,%,Age-adjusted prevalence,85.9,,,84.3,87.5,658221,44007,PREVENT,CERVICAL,AgeAdjPrv,Cervical Cancer Screening,POINT (-71.5786246 41.8697678),2660
2021,RI,Rhode Island,Providence,BRFSS,Health Outcomes,Coronary heart disease among adults aged >=18 years,%,Crude prevalence,6,,,5.2,6.9,658221,44007,HLTHOUT,CHD,CrdPrv,Coronary Heart Disease,POINT (-71.5786246 41.8697678),2660
2021,RI,Rhode Island,Kent,BRFSS,Health Outcomes,Diagnosed diabetes among adults aged >=18 years,%,Age-adjusted prevalence,7.8,,,6.7,9.0,170715,44003,HLTHOUT,DIABETES,AgeAdjPrv,Diabetes,POINT (-71.5802819 41.675118),2658
2021,RI,Rhode Island,Providence,BRFSS,Disability,Vision disability among adults aged >=18 years,%,Crude prevalence,5.4,,,4.6,6.2,658221,44007,DISABLT,VISION,CrdPrv,Vision Disability,POINT (-71.5786246 41.8697678),2660
2021,RI,Rhode Island,Newport,BRFSS,Prevention,Current lack of health insurance among adults aged 18-64 years,%,Age-adjusted prevalence,5.3,,,3.9,7.1,85264,44005,PREVENT,ACCESS2,AgeAdjPrv,Health Insurance,POINT (-71.2830626 41.5010449),2659
2020,RI,Rhode Island,Washington,BRFSS,Prevention,"Older adult women aged >=65 years who are up to date on a core set of clinical preventive services: Flu shot past year, PPV shot ever, Colorectal cancer screening, and Mammogram past 2 years",%,Crude prevalence,47.9,,,40.8,54.9,130592,44009,PREVENT,COREW,CrdPrv,Core preventive services for older women,POINT (-71.620282 41.396792),2703
2021,RI,Rhode Island,Newport,BRFSS,Disability,Independent living disability among adults aged >=18 years,%,Crude prevalence,5.7,,,4.6,6.9,85264,44005,DISABLT,INDEPLIVE,CrdPrv,Independent Living Disability,POINT (-71.2830626 41.5010449),2659
2021,RI,Rhode Island,Washington,BRFSS,Disability,Self-care disability among adults aged >=18 years,%,Crude prevalence,2.8,,,2.3,3.4,130592,44009,DISABLT,SELFCARE,CrdPrv,Self-care Disability,POINT (-71.620282 41.396792),2703
2021,RI,Rhode Island,Newport,BRFSS,Health Outcomes,Arthritis among adults aged >=18 years,%,Crude prevalence,30,,,26.5,33.8,85264,44005,HLTHOUT,ARTHRITIS,CrdPrv,Arthritis,POINT (-71.2830626 41.5010449),2659
2020,RI,Rhode Island,Kent,BRFSS,Prevention,"Older adult men aged >=65 years who are up to date on a core set of clinical preventive services: Flu shot past year, PPV shot ever, Colorectal cancer screening",%,Age-adjusted prevalence,50.8,,,43.1,58.0,170715,44003,PREVENT,COREM,AgeAdjPrv,Core preventive services for older men,POINT (-71.5802819 41.675118),2658
2021,RI,Rhode Island,Providence,BRFSS,Health Risk Behaviors,No leisure-time physical activity among adults aged >=18 years,%,Crude prevalence,26.9,,,22.9,30.9,658221,44007,RISKBEH,LPA,CrdPrv,Physical Inactivity,POINT (-71.5786246 41.8697678),2660
2021,RI,Rhode Island,Newport,BRFSS,Health Outcomes,Chronic kidney disease among adults aged >=18 years,%,Age-adjusted prevalence,2.4,,,2.2,2.7,85264,44005,HLTHOUT,KIDNEY,AgeAdjPrv,Chronic Kidney Disease,POINT (-71.2830626 41.5010449),2659
2021,RI,Rhode Island,Bristol,BRFSS,Health Outcomes,Cancer (excluding skin cancer) among adults aged >=18 years,%,Crude prevalence,8,,,7.1,8.8,50818,44001,HLTHOUT,CANCER,CrdPrv,Cancer (except skin),POINT (-71.2866874 41.7068397),2657
2021,RI,Rhode Island,Providence,BRFSS,Disability,Self-care disability among adults aged >=18 years,%,Age-adjusted prevalence,3.6,,,3.1,4.2,658221,44007,DISABLT,SELFCARE,AgeAdjPrv,Self-care Disability,POINT (-71.5786246 41.8697678),2660
2020,RI,Rhode Island,Washington,BRFSS,Health Risk Behaviors,Sleeping less than 7 hours among adults aged >=18 years,%,Crude prevalence,30.1,,,28.4,31.9,130592,44009,RISKBEH,SLEEP,CrdPrv,Sleep <7 hours,POINT (-71.620282 41.396792),2703
2021,RI,Rhode Island,Washington,BRFSS,Health Outcomes,Cancer (excluding skin cancer) among adults aged >=18 years,%,Crude prevalence,8.4,,,7.6,9.2,130592,44009,HLTHOUT,CANCER,CrdPrv,Cancer (except skin),POINT (-71.620282 41.396792),2703
2021,RI,Rhode Island,Kent,BRFSS,Disability,Cognitive disability among adults ages >=18 years,%,Crude prevalence,11.6,,,9.6,13.7,170715,44003,DISABLT,COGNITION,CrdPrv,Cognitive Disability,POINT (-71.5802819 41.675118),2658
2021,RI,Rhode Island,Bristol,BRFSS,Health Status,Fair or poor self-rated health status among adults aged >=18 years,%,Crude prevalence,11.3,,,9.1,14.0,50818,44001,HLTHSTAT,GHLTH,CrdPrv,General Health,POINT (-71.2866874 41.7068397),2657
2021,RI,Rhode Island,Bristol,BRFSS,Health Risk Behaviors,Current smoking among adults aged >=18 years,%,Age-adjusted prevalence,11.8,,,8.4,15.5,50818,44001,RISKBEH,CSMOKING,AgeAdjPrv,Current Smoking,POINT (-71.2866874 41.7068397),2657
2020,RI,Rhode Island,Kent,BRFSS,Health Risk Behaviors,Sleeping less than 7 hours among adults aged >=18 years,%,Crude prevalence,36.2,,,34.6,37.8,170715,44003,RISKBEH,SLEEP,CrdPrv,Sleep <7 hours,POINT (-71.5802819 41.675118),2658
2021,RI,Rhode Island,Kent,BRFSS,Prevention,Current lack of health insurance among adults aged 18-64 years,%,Crude prevalence,5.5,,,4.1,7.2,170715,44003,PREVENT,ACCESS2,CrdPrv,Health Insurance,POINT (-71.5802819 41.675118),2658
2020,RI,Rhode Island,Newport,BRFSS,Prevention,Visits to dentist or dental clinic among adults aged >=18 years,%,Crude prevalence,75.8,,,72.4,78.9,85264,44005,PREVENT,DENTAL,CrdPrv,Dental Visit,POINT (-71.2830626 41.5010449),2659
2021,RI,Rhode Island,Kent,BRFSS,Disability,Hearing disability among adults aged >=18 years,%,Crude prevalence,6.9,,,6.1,7.9,170715,44003,DISABLT,HEARING,CrdPrv,Hearing Disability,POINT (-71.5802819 41.675118),2658
2021,RI,Rhode Island,Providence,BRFSS,Prevention,Cholesterol screening among adults aged >=18 years,%,Crude prevalence,88.7,,,86.5,90.8,658221,44007,PREVENT,CHOLSCREEN,CrdPrv,Cholesterol Screening,POINT (-71.5786246 41.8697678),2660
2020,RI,Rhode Island,Newport,BRFSS,Health Risk Behaviors,Sleeping less than 7 hours among adults aged >=18 years,%,Crude prevalence,28.9,,,27.2,30.4,85264,44005,RISKBEH,SLEEP,CrdPrv,Sleep <7 hours,POINT (-71.2830626 41.5010449),2659
2021,RI,Rhode Island,Providence,BRFSS,Health Outcomes,High cholesterol among adults aged >=18 years who have been screened in the past 5 years,%,Age-adjusted prevalence,29.5,,,26.4,32.6,658221,44007,HLTHOUT,HIGHCHOL,AgeAdjPrv,High Cholesterol,POINT (-71.5786246 41.8697678),2660
2021,RI,Rhode Island,Newport,BRFSS,Prevention,Visits to doctor for routine checkup within the past year among adults aged >=18 years,%,Age-adjusted prevalence,77.6,,,73.4,81.6,85264,44005,PREVENT,CHECKUP,AgeAdjPrv,Annual Checkup,POINT (-71.2830626 41.5010449),2659
2021,RI,Rhode Island,Washington,BRFSS,Health Status,Fair or poor self-rated health status among adults aged >=18 years,%,Crude prevalence,11.2,,,9.0,13.9,130592,44009,HLTHSTAT,GHLTH,CrdPrv,General Health,POINT (-71.620282 41.396792),2703
2021,RI,Rhode Island,Kent,BRFSS,Health Outcomes,Obesity among adults aged >=18 years,%,Age-adjusted prevalence,29.6,,,24.9,34.7,170715,44003,HLTHOUT,OBESITY,AgeAdjPrv,Obesity,POINT (-71.5802819 41.675118),2658
2020,RI,Rhode Island,Kent,BRFSS,Prevention,Visits to dentist or dental clinic among adults aged >=18 years,%,Crude prevalence,71.4,,,67.9,74.6,170715,44003,PREVENT,DENTAL,CrdPrv,Dental Visit,POINT (-71.5802819 41.675118),2658
2021,RI,Rhode Island,Bristol,BRFSS,Health Outcomes,Obesity among adults aged >=18 years,%,Age-adjusted prevalence,23.7,,,18.8,29.1,50818,44001,HLTHOUT,OBESITY,AgeAdjPrv,Obesity,POINT (-71.2866874 41.7068397),2657
2021,RI,Rhode Island,Providence,BRFSS,Health Status,Mental health not good for >=14 days among adults aged >=18 years,%,Crude prevalence,15.5,,,13.6,17.5,658221,44007,HLTHSTAT,MHLTH,CrdPrv,Mental Health,POINT (-71.5786246 41.8697678),2660
2021,RI,Rhode Island,Providence,BRFSS,Prevention,Taking medicine for high blood pressure control among adults aged >=18 years with high blood pressure,%,Age-adjusted prevalence,63.5,,,59.6,67.3,658221,44007,PREVENT,BPMED,AgeAdjPrv,Taking BP Medication,POINT (-71.5786246 41.8697678),2660
2021,RI,Rhode Island,Bristol,BRFSS,Prevention,Current lack of health insurance among adults aged 18-64 years,%,Age-adjusted prevalence,5,,,3.5,6.9,50818,44001,PREVENT,ACCESS2,AgeAdjPrv,Health Insurance,POINT (-71.2866874 41.7068397),2657
2021,RI,Rhode Island,Kent,BRFSS,Health Outcomes,Chronic obstructive pulmonary disease among adults aged >=18 years,%,Crude prevalence,6.5,,,5.3,7.9,170715,44003,HLTHOUT,COPD,CrdPrv,COPD,POINT (-71.5802819 41.675118),2658
2021,RI,Rhode Island,Newport,BRFSS,Health Status,Mental health not good for >=14 days among adults aged >=18 years,%,Crude prevalence,12.6,,,10.7,14.7,85264,44005,HLTHSTAT,MHLTH,CrdPrv,Mental Health,POINT (-71.2830626 41.5010449),2659
2021,RI,Rhode Island,Providence,BRFSS,Health Outcomes,Arthritis among adults aged >=18 years,%,Crude prevalence,25.9,,,23.3,28.7,658221,44007,HLTHOUT,ARTHRITIS,CrdPrv,Arthritis,POINT (-71.5786246 41.8697678),2660
2020,RI,Rhode Island,Bristol,BRFSS,Prevention,Cervical cancer screening among adult women aged 21-65 years,%,Crude prevalence,85.8,,,83.1,88.2,50818,44001,PREVENT,CERVICAL,CrdPrv,Cervical Cancer Screening,POINT (-71.2866874 41.7068397),2657
2021,RI,Rhode Island,Kent,BRFSS,Disability,Independent living disability among adults aged >=18 years,%,Age-adjusted prevalence,6.1,,,5.1,7.3,170715,44003,DISABLT,INDEPLIVE,AgeAdjPrv,Independent Living Disability,POINT (-71.5802819 41.675118),2658
2020,RI,Rhode Island,Bristol,BRFSS,Prevention,"Older adult men aged >=65 years who are up to date on a core set of clinical preventive services: Flu shot past year, PPV shot ever, Colorectal cancer screening",%,Age-adjusted prevalence,54.9,,,46.3,63.2,50818,44001,PREVENT,COREM,AgeAdjPrv,Core preventive services for older men,POINT (-71.2866874 41.7068397),2657
2021,RI,Rhode Island,Newport,BRFSS,Health Outcomes,Coronary heart disease among adults aged >=18 years,%,Crude prevalence,6.3,,,5.3,7.3,85264,44005,HLTHOUT,CHD,CrdPrv,Coronary Heart Disease,POINT (-71.2830626 41.5010449),2659
2021,RI,Rhode Island,Washington,BRFSS,Disability,Cognitive disability among adults ages >=18 years,%,Age-adjusted prevalence,10.8,,,8.6,13.0,130592,44009,DISABLT,COGNITION,AgeAdjPrv,Cognitive Disability,POINT (-71.620282 41.396792),2703
2020,RI,Rhode Island,Newport,BRFSS,Health Outcomes,All teeth lost among adults aged >=65 years,%,Age-adjusted prevalence,6.7,,,3.8,10.5,85264,44005,HLTHOUT,TEETHLOST,AgeAdjPrv,All Teeth Lost,POINT (-71.2830626 41.5010449),2659
2020,RI,Rhode Island,Providence,BRFSS,Prevention,"Fecal occult blood test, sigmoidoscopy, or colonoscopy among adults aged 50-75 years",%,Crude prevalence,78.7,,,76.5,80.6,658221,44007,PREVENT,COLON_SCREEN,CrdPrv,Colorectal Cancer Screening,POINT (-71.5786246 41.8697678),2660
2021,RI,Rhode Island,Bristol,BRFSS,Health Outcomes,Diagnosed diabetes among adults aged >=18 years,%,Crude prevalence,8.6,,,7.1,10.2,50818,44001,HLTHOUT,DIABETES,CrdPrv,Diabetes,POINT (-71.2866874 41.7068397),2657
2021,RI,Rhode Island,Providence,BRFSS,Disability,Any disability among adults aged >=18 years,%,Age-adjusted prevalence,28.1,,,24.5,31.9,658221,44007,DISABLT,DISABILITY,AgeAdjPrv,Any Disability,POINT (-71.5786246 41.8697678),2660
2020,RI,Rhode Island,Bristol,BRFSS,Health Outcomes,All teeth lost among adults aged >=65 years,%,Crude prevalence,7,,,3.6,11.2,50818,44001,HLTHOUT,TEETHLOST,CrdPrv,All Teeth Lost,POINT (-71.2866874 41.7068397),2657
2020,RI,Rhode Island,Washington,BRFSS,Health Outcomes,All teeth lost among adults aged >=65 years,%,Age-adjusted prevalence,7.5,,,4.2,11.9,130592,44009,HLTHOUT,TEETHLOST,AgeAdjPrv,All Teeth Lost,POINT (-71.620282 41.396792),2703
2021,RI,Rhode Island,Bristol,BRFSS,Disability,Self-care disability among adults aged >=18 years,%,Age-adjusted prevalence,2.4,,,1.9,2.8,50818,44001,DISABLT,SELFCARE,AgeAdjPrv,Self-care Disability,POINT (-71.2866874 41.7068397),2657
2021,RI,Rhode Island,Bristol,BRFSS,Health Risk Behaviors,No leisure-time physical activity among adults aged >=18 years,%,Age-adjusted prevalence,16.3,,,12.7,20.3,50818,44001,RISKBEH,LPA,AgeAdjPrv,Physical Inactivity,POINT (-71.2866874 41.7068397),2657
2020,RI,Rhode Island,Providence,BRFSS,Prevention,Visits to dentist or dental clinic among adults aged >=18 years,%,Crude prevalence,69.2,,,66.2,72.1,658221,44007,PREVENT,DENTAL,CrdPrv,Dental Visit,POINT (-71.5786246 41.8697678),2660
2020,RI,Rhode Island,Newport,BRFSS,Prevention,"Fecal occult blood test, sigmoidoscopy, or colonoscopy among adults aged 50-75 years",%,Crude prevalence,80.4,,,77.8,82.7,85264,44005,PREVENT,COLON_SCREEN,CrdPrv,Colorectal Cancer Screening,POINT (-71.2830626 41.5010449),2659
2021,RI,Rhode Island,Newport,BRFSS,Health Outcomes,Obesity among adults aged >=18 years,%,Crude prevalence,25.7,,,20.9,30.9,85264,44005,HLTHOUT,OBESITY,CrdPrv,Obesity,POINT (-71.2830626 41.5010449),2659
2021,RI,Rhode Island,Washington,BRFSS,Health Outcomes,Depression among adults aged >=18 years,%,Crude prevalence,24,,,20.6,27.7,130592,44009,HLTHOUT,DEPRESSION,CrdPrv,Depression,POINT (-71.620282 41.396792),2703
2021,RI,Rhode Island,Newport,BRFSS,Health Outcomes,High blood pressure among adults aged >=18 years,%,Age-adjusted prevalence,28.4,,,25.0,31.9,85264,44005,HLTHOUT,BPHIGH,AgeAdjPrv,High Blood Pressure,POINT (-71.2830626 41.5010449),2659
2020,RI,Rhode Island,Providence,BRFSS,Prevention,"Older adult men aged >=65 years who are up to date on a core set of clinical preventive services: Flu shot past year, PPV shot ever, Colorectal cancer screening",%,Age-adjusted prevalence,47.6,,,40.8,54.1,658221,44007,PREVENT,COREM,AgeAdjPrv,Core preventive services for older men,POINT (-71.5786246 41.8697678),2660
2021,RI,Rhode Island,Kent,BRFSS,Health Outcomes,Cancer (excluding skin cancer) among adults aged >=18 years,%,Age-adjusted prevalence,6.4,,,5.8,7.0,170715,44003,HLTHOUT,CANCER,AgeAdjPrv,Cancer (except skin),POINT (-71.5802819 41.675118),2658
2020,RI,Rhode Island,Washington,BRFSS,Prevention,Mammography use among women aged 50-74 years,%,Age-adjusted prevalence,80.2,,,76.3,83.4,130592,44009,PREVENT,MAMMOUSE,AgeAdjPrv,Mammography,POINT (-71.620282 41.396792),2703
2021,RI,Rhode Island,Kent,BRFSS,Health Risk Behaviors,No leisure-time physical activity among adults aged >=18 years,%,Age-adjusted prevalence,20.5,,,16.8,24.3,170715,44003,RISKBEH,LPA,AgeAdjPrv,Physical Inactivity,POINT (-71.5802819 41.675118),2658
2021,RI,Rhode Island,Washington,BRFSS,Prevention,Visits to doctor for routine checkup within the past year among adults aged >=18 years,%,Age-adjusted prevalence,78.9,,,74.9,82.6,130592,44009,PREVENT,CHECKUP,AgeAdjPrv,Annual Checkup,POINT (-71.620282 41.396792),2703
2021,RI,Rhode Island,Newport,BRFSS,Health Status,Fair or poor self-rated health status among adults aged >=18 years,%,Age-adjusted prevalence,10.3,,,8.3,12.5,85264,44005,HLTHSTAT,GHLTH,AgeAdjPrv,General Health,POINT (-71.2830626 41.5010449),2659
2021,RI,Rhode Island,Bristol,BRFSS,Health Outcomes,Depression among adults aged >=18 years,%,Crude prevalence,22.7,,,19.0,26.7,50818,44001,HLTHOUT,DEPRESSION,CrdPrv,Depression,POINT (-71.2866874 41.7068397),2657
2021,RI,Rhode Island,Bristol,BRFSS,Health Outcomes,Stroke among adults aged >=18 years,%,Crude prevalence,2.8,,,2.4,3.4,50818,44001,HLTHOUT,STROKE,CrdPrv,Stroke,POINT (-71.2866874 41.7068397),2657
2021,RI,Rhode Island,Providence,BRFSS,Prevention,Visits to doctor for routine checkup within the past year among adults aged >=18 years,%,Age-adjusted prevalence,79.2,,,75.7,82.5,658221,44007,PREVENT,CHECKUP,AgeAdjPrv,Annual Checkup,POINT (-71.5786246 41.8697678),2660
2021,RI,Rhode Island,Kent,BRFSS,Disability,Vision disability among adults aged >=18 years,%,Crude prevalence,4,,,3.3,4.7,170715,44003,DISABLT,VISION,CrdPrv,Vision Disability,POINT (-71.5802819 41.675118),2658
2021,RI,Rhode Island,Washington,BRFSS,Disability,Any disability among adults aged >=18 years,%,Age-adjusted prevalence,21.3,,,17.8,25.0,130592,44009,DISABLT,DISABILITY,AgeAdjPrv,Any Disability,POINT (-71.620282 41.396792),2703
2021,RI,Rhode Island,Bristol,BRFSS,Health Risk Behaviors,Binge drinking among adults aged >=18 years,%,Crude prevalence,16.2,,,13.4,19.1,50818,44001,RISKBEH,BINGE,CrdPrv,Binge Drinking,POINT (-71.2866874 41.7068397),2657
2021,RI,Rhode Island,Washington,BRFSS,Health Risk Behaviors,Binge drinking among adults aged >=18 years,%,Crude prevalence,17.2,,,14.7,20.2,130592,44009,RISKBEH,BINGE,CrdPrv,Binge Drinking,POINT (-71.620282 41.396792),2703
2021,RI,Rhode Island,Washington,BRFSS,Health Outcomes,Obesity among adults aged >=18 years,%,Crude prevalence,25.1,,,20.6,30.1,130592,44009,HLTHOUT,OBESITY,CrdPrv,Obesity,POINT (-71.620282 41.396792),2703
2021,RI,Rhode Island,Bristol,BRFSS,Health Outcomes,High blood pressure among adults aged >=18 years,%,Age-adjusted prevalence,26,,,22.7,29.6,50818,44001,HLTHOUT,BPHIGH,AgeAdjPrv,High Blood Pressure,POINT (-71.2866874 41.7068397),2657
2020,RI,Rhode Island,Newport,BRFSS,Prevention,"Older adult men aged >=65 years who are up to date on a core set of clinical preventive services: Flu shot past year, PPV shot ever, Colorectal cancer screening",%,Crude prevalence,47.1,,,39.2,53.9,85264,44005,PREVENT,COREM,CrdPrv,Core preventive services for older men,POINT (-71.2830626 41.5010449),2659
2021,RI,Rhode Island,Providence,BRFSS,Health Outcomes,Obesity among adults aged >=18 years,%,Age-adjusted prevalence,32.5,,,27.9,37.5,658221,44007,HLTHOUT,OBESITY,AgeAdjPrv,Obesity,POINT (-71.5786246 41.8697678),2660
2021,RI,Rhode Island,Newport,BRFSS,Health Outcomes,Cancer (excluding skin cancer) among adults aged >=18 years,%,Age-adjusted prevalence,6.3,,,5.7,7.0,85264,44005,HLTHOUT,CANCER,AgeAdjPrv,Cancer (except skin),POINT (-71.2830626 41.5010449),2659
2021,RI,Rhode Island,Bristol,BRFSS,Disability,Cognitive disability among adults ages >=18 years,%,Crude prevalence,10.1,,,8.0,12.3,50818,44001,DISABLT,COGNITION,CrdPrv,Cognitive Disability,POINT (-71.2866874 41.7068397),2657
2021,RI,Rhode Island,Washington,BRFSS,Prevention,Taking medicine for high blood pressure control among adults aged >=18 years with high blood pressure,%,Age-adjusted prevalence,61.7,,,57.3,66.3,130592,44009,PREVENT,BPMED,AgeAdjPrv,Taking BP Medication,POINT (-71.620282 41.396792),2703
2021,RI,Rhode Island,Kent,BRFSS,Prevention,Visits to doctor for routine checkup within the past year among adults aged >=18 years,%,Crude prevalence,83.1,,,79.8,86.2,170715,44003,PREVENT,CHECKUP,CrdPrv,Annual Checkup,POINT (-71.5802819 41.675118),2658
2020,RI,Rhode Island,Washington,BRFSS,Prevention,Cervical cancer screening among adult women aged 21-65 years,%,Crude prevalence,84.7,,,81.8,87.3,130592,44009,PREVENT,CERVICAL,CrdPrv,Cervical Cancer Screening,POINT (-71.620282 41.396792),2703
2020,RI,Rhode Island,Washington,BRFSS,Prevention,"Older adult women aged >=65 years who are up to date on a core set of clinical preventive services: Flu shot past year, PPV shot ever, Colorectal cancer screening, and Mammogram past 2 years",%,Age-adjusted prevalence,48,,,41.1,55.0,130592,44009,PREVENT,COREW,AgeAdjPrv,Core preventive services for older women,POINT (-71.620282 41.396792),2703
2021,RI,Rhode Island,Bristol,BRFSS,Health Outcomes,High cholesterol among adults aged >=18 years who have been screened in the past 5 years,%,Crude prevalence,35.1,,,30.9,39.3,50818,44001,HLTHOUT,HIGHCHOL,CrdPrv,High Cholesterol,POINT (-71.2866874 41.7068397),2657
2020,RI,Rhode Island,Kent,BRFSS,Health Outcomes,All teeth lost among adults aged >=65 years,%,Crude prevalence,8.2,,,5.0,12.2,170715,44003,HLTHOUT,TEETHLOST,CrdPrv,All Teeth Lost,POINT (-71.5802819 41.675118),2658
2021,RI,Rhode Island,Kent,BRFSS,Health Risk Behaviors,Binge drinking among adults aged >=18 years,%,Crude prevalence,16.8,,,14.3,19.6,170715,44003,RISKBEH,BINGE,CrdPrv,Binge Drinking,POINT (-71.5802819 41.675118),2658
2021,RI,Rhode Island,Kent,BRFSS,Disability,Any disability among adults aged >=18 years,%,Crude prevalence,26.1,,,22.4,30.2,170715,44003,DISABLT,DISABILITY,CrdPrv,Any Disability,POINT (-71.5802819 41.675118),2658
2021,RI,Rhode Island,Newport,BRFSS,Health Outcomes,Diagnosed diabetes among adults aged >=18 years,%,Age-adjusted prevalence,6.9,,,5.8,8.1,85264,44005,HLTHOUT,DIABETES,AgeAdjPrv,Diabetes,POINT (-71.2830626 41.5010449),2659
2021,RI,Rhode Island,Washington,BRFSS,Health Status,Physical health not good for >=14 days among adults aged >=18 years,%,Age-adjusted prevalence,8.9,,,7.4,10.5,130592,44009,HLTHSTAT,PHLTH,AgeAdjPrv,Physical Health,POINT (-71.620282 41.396792),2703
2021,RI,Rhode Island,Washington,BRFSS,Health Outcomes,Chronic kidney disease among adults aged >=18 years,%,Crude prevalence,3,,,2.7,3.4,130592,44009,HLTHOUT,KIDNEY,CrdPrv,Chronic Kidney Disease,POINT (-71.620282 41.396792),2703
2021,RI,Rhode Island,Providence,BRFSS,Health Outcomes,Chronic kidney disease among adults aged >=18 years,%,Age-adjusted prevalence,2.8,,,2.6,3.1,658221,44007,HLTHOUT,KIDNEY,AgeAdjPrv,Chronic Kidney Disease,POINT (-71.5786246 41.8697678),2660
2020,RI,Rhode Island,Washington,BRFSS,Prevention,"Fecal occult blood test, sigmoidoscopy, or colonoscopy among adults aged 50-75 years",%,Crude prevalence,81.6,,,78.9,83.9,130592,44009,PREVENT,COLON_SCREEN,CrdPrv,Colorectal Cancer Screening,POINT (-71.620282 41.396792),2703
2021,RI,Rhode Island,Washington,BRFSS,Health Outcomes,High cholesterol among adults aged >=18 years who have been screened in the past 5 years,%,Crude prevalence,34.7,,,31.4,38.4,130592,44009,HLTHOUT,HIGHCHOL,CrdPrv,High Cholesterol,POINT (-71.620282 41.396792),2703
2020,RI,Rhode Island,Providence,BRFSS,Prevention,Cervical cancer screening among adult women aged 21-65 years,%,Crude prevalence,85.3,,,83.5,87.0,658221,44007,PREVENT,CERVICAL,CrdPrv,Cervical Cancer Screening,POINT (-71.5786246 41.8697678),2660
2021,RI,Rhode Island,Providence,BRFSS,Disability,Vision disability among adults aged >=18 years,%,Age-adjusted prevalence,5.2,,,4.5,6.0,658221,44007,DISABLT,VISION,AgeAdjPrv,Vision Disability,POINT (-71.5786246 41.8697678),2660
2021,RI,Rhode Island,Kent,BRFSS,Health Outcomes,Diagnosed diabetes among adults aged >=18 years,%,Crude prevalence,9.6,,,8.3,11.2,170715,44003,HLTHOUT,DIABETES,CrdPrv,Diabetes,POINT (-71.5802819 41.675118),2658
2021,RI,Rhode Island,Providence,BRFSS,Health Outcomes,High cholesterol among adults aged >=18 years who have been screened in the past 5 years,%,Crude prevalence,32.6,,,29.5,35.7,658221,44007,HLTHOUT,HIGHCHOL,CrdPrv,High Cholesterol,POINT (-71.5786246 41.8697678),2660
